,13,0.49,0.78,0.49,0.58,0.55,0.49,0.68,0.66,0.46,0.71,0.52,0.55,0.47,0.75,0.66,0.71,0.7,0.52,0.67,0.53,0.48,0.6,0.59,0.66,0.61,0.61,0.47,0.5,0.62,0.51,0.67,0.57,0.48,0.43,0.5,0.47,0.43,0.52,0.47,0.4,0.57,0.46,0.48,0.61,0.84,0.51,0.57,0.56,0.46,0.49,0.59,0.68,0.5,0.58,0.61,0.55,0.52,0.48,0.53,0.67,0.49,0.62,0.55,0.54,0.57,0.56,0.47,0.76,0.58,0.45,0.88,0.58,0.46,0.56,0.53,0.84,0.71,0.7,0.6,0.45,0.69,0.61,0.48,0.67,0.69,0.55,0.49,0.54,0.51,0.51,0.5,0.68,0.55,0.57,0.42,0.63,1.15,0.58,0.5,0.62,0.62,0.46,0.54,0.59,0.48,0.73,0.7,0.53,0.52,0.48,0.63,0.63,0.47,0.69,0.51,0.55,0.51,0.53,0.48,0.48,0.66,0.62,0.44,0.55,0.54,0.85,0.53,0.82,10.49,0.65,0.69,0.62,0.66,0.8,0.64,0.5,0.69,0.43,0.43,0.58,0.53,0.57,0.71,0.63,0.55,0.69,0.52,0.42,0.6,0.5,0.57,0.6,0.46,0.54,0.63,0.81,0.56,0.55,0.61,0.46,0.48,0.57,0.81,0.66,0.49,0.47,0.5,0.5,0.54,0.6,0.49,0.45,0.92,0.58,0.48,0.55,0.45,0.67,0.75,0.46,0.54,0.46,0.49,0.57,0.55,0.53,0.46,0.5,0.52,0.54,0.53,0.69,0.51,0.41,0.54,0.62,0.44,0.6,0.67,0.6,0.49,0.68,0.53,0.44,0.42,0.46,0.66,0.53,0.69,0.62,0.56,0.53,0.62,0.4,0.52,0.6,0.52,0.75,0.8,0.53,0.43,0.41,0.51,0.54,0.51,0.52,0.71,0.49,0.52,0.49,0.71,0.75,0.47,0.52,0.95,0.76,0.44,0.58,0.57,0.62,0.69,0.56,0.67,0.46,0.43,0.49,0.75,0.72,0.57,0.8,0.54,0.65,0.61,0.54,0.55,1.38,0.48,0.64,0.47,0.67,0.7,0.57,0.56,0.6,0.89,0.61,0.62,0.54,0.49,0.62,0.61,0.43,0.54,0.52,0.58,0.74,0.38,0.4,0.57,0.53,0.64,0.57,0.45,0.64,0.63,0.57,0.65,0.61,0.45,0.54,0.53,0.65,0.51,0.66,0.54,0.56,0.54,0.48,0.41,0.65,0.53,0.57,0.66,0.54,0.5,0.76,0.71,0.65,0.66,0.58,0.56,0.79,0.38,0.47,0.5,0.69,0.48,0.52,0.72,0.57,0.54,0.69,0.74,0.58,0.55,0.46,0.53,0.54,0.65,0.45,0.57,0.75,0.57,0.61,0.47,0.66,0.49,0.49,0.47,0.51,0.55,0.53,0.47,0.52,0.5,0.62,0.5,0.63,0.42,0.58,0.44,0.54,0.69,0.57,0.5,0.5,0.59,0.62,0.47,0.54,0.5,0.54,0.5,0.44,0.51,0.48,0.66,0.52,0.57,0.5,0.45,0.61,0.52,0.5,0.45,0.78,0.46,0.46,0.55,0.69,0.52,0.83,0.65,0.57,0.46,0.62,0.54,0.49,0.75,0.7,0.57,0.46,0.71,0.77,0.85,0.62,0.53,0.82,0.46,0.52,0.57,0.66,0.56,0.59,0.5,0.46,0.73,0.49,0.62,0.71,0.6,0.54,0.46,0.48,0.62,0.63,0.64,0.7,0.48,0.56,0.58,0.53,0.63,0.69,0.66,0.48,0.55,0.75,0.56,0.68,0.54,0.71,0.51,0.5,0.48,0.53,0.54,0.91,0.57,0.58,0.51,0.44,0.59,0.84,0.51,0.71,0.62,0.6,0.6,0.52,0.5,0.68,0.57,0.46,0.59,0.42,0.5,0.61,0.52,0.56,0.47,0.73,0.55,0.69,0.75,0.52,0.59,0.52,0.45,0.47,0.59,0.51,0.74,0.47,0.53,0.56,0.46,0.49,0.67,0.56,0.52,0.47,0.47,0.52,0.52,0.7,0.45,0.74,0.61,0.41,0.8,0.5,0.51,0.58,0.49,0.53,0.54,0.67,0.72,0.71,0.74,0.45,0.57,0.6,0.57,0.64,0.69,0.78,0.6,0.53,0.79,0.48,0.59,0.61,0.5,0.5,0.5,0.49,0.74,0.54,0.5,0.43,0.62,0.55,0.6,0.57,0.57,0.63,0.64,0.85,0.51,0.55,0.52,0.44,0.47,0.57,0.47,0.64,0.57,0.47,0.55,0.51,0.74,0.7,0.62,0.6,0.65,0.64,0.59,0.6,0.75,0.81,0.64,0.4,0.56,0.6,0.51,0.63,0.61,0.53,0.71,0.54,0.5,0.53,0.45,0.62,0.63,0.56,0.78,0.59,0.45,0.62,0.48,0.55,0.64,0.79,0.63,0.55,0.69
,16,5.05,1.31,1.1,1.65,1.34,1.03,1.33,1.34,2.12,1.04,2.73,1.37,2.63,1.48,1.84,1.89,2.14,2.76,3.19,2.81,1.36,1.84,1.07,1.29,1.21,1.62,1.38,1.69,1.83,0.76,1.56,1.59,1.72,1.17,0.92,1.0,1.81,1.81,1.91,1.97,1.04,1.42,1.39,1.41,1.33,2.15,1.28,1.97,2.03,0.75,1.02,1.5,1.36,1.25,1.56,0.78,2.32,0.98,1.81,1.53,1.48,2.01,0.89,1.24,2.17,1.69,1.39,1.76,1.32,0.81,1.05,1.14,0.94,2.53,1.67,1.53,1.7,2.42,2.83,1.26,1.36,1.02,0.79,1.46,2.16,1.38,1.88,1.5,2.02,1.43,1.25,2.19,0.66,0.86,1.09,1.91,1.42,2.44,1.49,0.89,1.72,1.0,1.57,1.6,1.93,1.12,1.98,2.74,1.12,2.14,1.64,1.14,1.51,1.07,1.76,1.3,1.66,1.94,1.21,1.55,1.74,2.13,1.32,0.84,1.37,1.2,1.27,0.89,1.09,1.83,1.09,1.29,3.13,2.08,1.87,0.98,1.31,2.1,1.75,1.38,1.65,1.62,0.83,1.3,0.94,1.29,1.44,2.47,1.27,2.46,1.44,1.48,1.58,2.07,1.59,1.33,1.24,1.31,1.51,0.79,1.58,1.05,1.25,1.32,2.7,2.01,1.64,1.47,1.83,1.7,1.08,1.43,0.88,0.96,1.87,1.3,1.44,1.04,0.86,2.32,1.66,1.47,1.85,1.7,1.71,1.09,1.72,3.32,0.96,1.92,1.83,1.69,1.58,1.6,1.09,0.66,1.62,0.94,0.9,1.33,1.89,1.44,2.59,1.49,1.82,1.88,1.34,1.43,1.18,3.53,2.48,1.05,1.89,0.71,1.74,0.8,0.89,2.4,1.28,1.59,1.17,1.61,2.52,1.01,2.05,1.03,0.71,3.1,1.88,1.06,1.43,1.26,1.26,0.91,1.54,1.34,2.15,1.66,1.29,2.44,2.19,2.57,4.48,0.58,1.7,1.69,2.02,0.99,1.12,2.16,1.67,0.93,1.44,2.13,0.95,0.96,1.51,1.6,1.82,1.11,0.85,2.35,2.02,1.61,1.31,2.61,1.53,1.82,1.59,1.64,1.45,1.75,1.12,0.85,5.66,1.25,1.31,0.97,1.23,1.84,1.58,1.17,1.47,1.19,0.88,1.41,1.96,1.52,1.55,1.49,1.77,3.2,1.51,0.85,1.42,1.46,1.03,1.06,1.74,1.14,1.73,0.91,1.23,1.87,1.35,1.03,1.7,2.97,0.88,1.43,1.37,1.36,1.56,0.78,1.64,1.47,1.58,1.35,3.18,1.72,2.51,1.18,1.65,0.68,2.33,1.5,1.07,1.65,1.65,1.25,0.85,0.96,1.34,0.99,1.02,1.43,1.17,1.16,1.55,1.23,4.18,1.37,1.22,0.79,1.08,1.15,1.14,0.84,1.27,2.63,2.55,0.8,0.88,0.92,1.02,1.71,2.49,0.91,2.28,2.14,1.64,1.92,1.8,1.47,1.46,1.14,1.54,1.4,2.48,1.16,1.53,2.04,1.88,1.34,1.87,1.13,1.78,1.66,1.4,1.31,2.83,2.11,2.17,2.02,1.52,1.86,1.27,0.73,1.74,2.57,1.37,1.05,1.45,1.11,2.25,1.67,1.41,1.63,1.16,0.94,1.51,1.98,1.36,0.58,2.68,1.06,1.6,1.48,1.72,0.89,1.64,1.64,2.45,1.34,1.79,1.97,0.9,5.17,1.36,1.54,1.55,1.18,1.87,1.86,1.19,1.29,1.78,1.46,1.61,1.96,1.38,1.39,1.06,1.31,1.22,1.24,1.38,1.17,1.16,3.4,1.14,1.46,1.62,1.57,0.86,1.92,2.33,1.07,1.41,1.18,1.08,1.31,1.63,1.98,1.21,1.67,1.02,1.42,0.93,3.5,1.29,1.16,0.66,1.08,2.03,0.73,1.27,1.19,1.09,2.9,1.61,1.81,1.78,0.87,0.84,3.21,0.91,1.2,0.93,1.63,0.91,1.78,1.46,1.73,1.46,2.09,1.24,1.55,2.03,1.24,1.1,0.75,1.8,1.27,1.94,1.35,4.14,1.51,1.22,1.33,1.69,1.75,1.62,2.73,1.39,1.48,1.67,1.38,1.39,1.74,0.98,1.64,1.54,1.25,1.52,1.86,1.84,1.07,2.41,2.3,1.5,1.05,1.56,1.34,1.55,1.1,1.47,1.65,0.94,1.27,1.61,1.0,1.32,1.83,1.05,3.01,0.98,2.12,1.04,1.31,3.82,3.6,1.4,1.81,1.12,1.2,1.16,1.79,1.42,1.58,1.38,0.85,2.55,0.82,1.07,1.54,1.8,1.64,1.42,1.55,2.63,1.96,1.51,1.24,2.08,2.59,3.06,2.57,1.27,1.23,1.28,1.39,1.31,0.76,1.36,0.87,1.7,2.07,0.93,2.84,1.82,0.96,1.66,1.67,2.43,1.61,3.23,0.95,2.31,1.01,1.13,1.2,1.05,2.12,1.42,1.51,1.35,1.74,1.15,0.72,1.51,1.86,1.05,1.68,1.43,2.81,1.62,1.88,0.92,2.41,1.58,1.27,1.02,2.43,0.84,0.87,1.02,1.14,1.41,2.04,1.84,3.0,2.81,1.85,1.32,1.23,1.92,0.72,1.75,1.15,1.04,1.54,2.42,2.37,1.31,1.59,2.23,1.79,1.34,0.99,1.78,0.88,1.32,1.39
,10,0.38,0.34,0.35,0.38,0.41,0.36,0.37,0.37,0.35,0.4,0.38,0.41,0.39,0.36,0.33,0.43,0.46,0.39,0.47,0.43,0.33,0.38,0.39,0.38,0.42,0.49,0.37,0.35,0.35,0.42,0.38,0.33,0.42,0.39,0.36,0.34,0.33,0.37,0.37,0.39,0.42,0.38,0.34,0.38,0.41,0.32,0.38,0.42,0.39,0.38,0.47,0.38,0.35,0.36,0.38,0.4,0.43,0.46,0.32,0.35,0.4,0.35,0.47,0.46,0.37,0.39,0.35,0.36,0.4,0.39,0.39,0.41,0.44,0.38,0.36,0.43,0.37,0.37,0.39,0.38,0.42,0.37,0.37,0.37,0.39,0.44,0.44,0.37,0.42,0.38,0.39,0.4,0.36,0.4,0.34,0.38,0.71,0.35,0.4,0.4,0.38,0.33,0.35,0.37,0.39,0.41,0.4,0.37,0.34,0.39,0.41,0.39,0.38,0.38,0.37,0.35,0.4,0.35,0.43,0.4,0.49,0.4,0.47,0.38,0.34,0.41,0.34,0.38,0.36,0.37,0.36,0.36,0.36,0.41,0.43,0.33,0.41,0.38,0.36,0.41,0.32,0.31,0.4,0.4,0.37,0.42,0.36,0.47,0.4,0.42,0.34,0.41,0.35,0.38,0.51,0.36,0.36,0.4,0.4,0.36,0.38,0.41,0.35,0.42,0.36,0.36,0.48,0.43,0.43,0.44,0.38,0.4,0.41,0.32,0.38,0.37,0.36,0.41,0.39,0.35,0.34,0.39,0.36,0.38,0.38,0.32,0.42,0.34,0.37,0.41,0.35,0.44,0.42,0.36,0.37,0.48,0.38,0.4,0.37,0.33,0.53,0.35,0.35,0.34,0.5,0.39,0.33,0.39,0.37,0.38,0.46,0.47,0.48
,15,0.62,0.98,1.15,1.54,0.66,0.98,1.03,1.43,1.04,0.78,0.85,0.94,0.88,1.2,1.06,1.29,0.73,0.75,1.48,0.57,0.9,1.34,0.89,1.29,0.71,0.85,0.73,1.33,0.58,0.59,2.36,0.98,1.88,1.84,0.99,1.47,1.35,0.98,1.03,1.07,0.92,1.27,0.88,0.94,1.41,0.85,2.14,0.71,1.53,1.0,1.11,1.12,0.74,0.94,1.57,1.07,1.19,1.21,1.0,1.07,0.92,1.24,1.58,0.83,0.96,0.86,0.84,0.85,0.87,0.91,1.48,1.45,0.84,0.8,0.73,1.04,0.92,1.0,1.33,0.83,1.25,0.95,0.89,2.0,1.25,1.19,1.18,0.96,0.91,1.05,1.17,1.59,0.97,1.39,1.2,1.46,0.91,1.36,0.7,1.22,1.71,0.72,1.05,1.0,0.99,0.66,0.9,0.99,0.92,0.89,1.25,1.03,1.22,0.69,0.82,0.74,1.17,1.05,0.82,1.05,1.23,1.15,1.1,1.12,1.34,0.49,0.74,0.72,0.66,1.27,1.0,1.03,1.04,0.83,0.86,1.2,0.69,1.39,0.81,0.59,0.88,0.77,1.36,1.09,1.08,0.88,0.73,1.25,0.92,0.72,0.75,0.96,0.7,0.84,1.33,0.63,1.03,1.45,0.78,0.64,1.16,0.92,1.04,1.46,0.9,1.71,1.06,0.77,1.17,1.16,0.67,0.8,0.81,0.86,1.18,1.49,1.54,0.84,1.1,1.3,0.8,1.29,1.46,0.81,1.24,0.65,0.78,0.77,0.72,1.22,0.8,0.93,0.95,0.84,0.93,1.04,1.08,0.65,1.14,1.1,1.15,0.79,0.79,0.9,1.19,0.76,1.02,0.88,0.94,0.74,1.34,1.3,0.8,0.8,0.92,0.92,1.16,1.61,0.81,0.76,0.78,0.69,0.91,1.0,1.15,0.59,0.78,1.37,0.8,0.68,0.87,0.74,0.8,0.67,0.63,1.04,1.39,0.76,0.79,0.98,1.6,1.6,1.17,0.97,0.96,0.89,1.03,1.14,0.97,1.87,0.9,0.72,0.97,1.29,0.94,0.79,1.01,0.97,1.26,0.9,0.76,0.83,0.74,0.77,1.45,1.07,0.81,1.03,0.73,0.58,0.96,0.89,0.74,1.03,0.71,1.16,1.67,1.04,1.16,1.08,1.31,1.15,0.93,1.12,1.0,0.83,1.28,1.52,0.83,1.52,0.77,2.64,1.17,0.93,0.59,0.77,0.89,1.6,1.07,0.84,0.9,0.95,1.24,0.92,1.59,0.91,0.76,0.69,0.71,1.71,0.89,0.65,1.22,0.91,1.31,0.78,1.38,0.7,1.36,1.3,1.12,1.32,0.79,0.96,1.46,1.46,0.82,0.79,1.02,1.21,1.79,0.73,0.73,0.82,1.1,1.29,1.29,0.96,1.1,0.96,0.78,0.87,1.31,1.26,0.96,0.9,2.39,1.23,1.26,0.97,1.43,0.94,0.88,0.92,0.68,1.07,0.93,1.13,0.64,0.79,1.15,1.15,1.24,0.92,0.73,1.3,1.08,0.97,0.82,1.38,0.88,0.84,1.41,1.45,0.64,0.81,1.04,0.98,1.03,0.99,1.37,0.77,0.58,1.27,0.9,0.82,0.56,0.95,1.03,0.97,0.69,0.63,1.22,0.7,0.95,0.75,0.85,0.83,0.73,1.14,1.09,0.69,0.66,1.05,0.61,0.89,0.79,0.72,1.29,0.99,1.92,1.03,1.08,0.78,0.75,1.12,0.73,0.76,0.72,0.79,0.9,1.08,0.67,0.63,1.75,1.02,0.78,0.76,0.8,1.64,0.78,0.92,1.22,1.03,0.57,1.24,0.73,1.29,0.96,0.8,0.68,1.43,0.85,1.22,1.34,0.96,1.01,1.45,1.89,1.82,0.79,0.73,1.33,1.36,1.34,1.2,1.14,1.56,1.09,1.13,0.85,1.43,1.26,0.88,0.66,0.79,0.84,1.83,1.38,0.68,0.67,0.54,1.07,1.0,0.69,1.12,0.74,0.63,0.76,1.09,1.09,0.69,0.95,1.55,1.95,0.91,1.07,1.23,0.66,0.62,0.97,1.17,0.82,1.07,0.87,0.98,1.05,1.21,0.99,0.95,0.93,0.78,1.06,0.77,1.06,0.91,0.72,0.73,1.02,0.85,0.71,1.47,1.54,1.45,0.82,1.16,0.91,1.08,1.35,0.74,0.91,1.1,1.17,1.81,1.03,1.54,1.41,0.68,1.3,1.01,0.94,0.62,2.01,1.14,0.83,1.97,0.7,0.92,0.67,1.3,1.03,1.52,1.47,1.19,1.09,1.69,0.95,0.7,1.14,0.93,1.24,0.88,1.52,0.86,0.73,0.84,0.76,1.0,1.05,1.26,1.2,0.95,1.27,1.26,1.35,0.78,0.79,0.9,1.13,1.06,0.78,0.89,0.63,1.12,1.59,1.37,0.73,2.02,1.09,0.73,0.99,0.95,1.58,1.1,1.23,0.92,1.08,1.21,0.72,1.63,0.74,1.32,0.66,1.19,0.74,0.85,1.28,1.49,0.99,1.53,1.05,0.72,0.79,1.21,2.06,1.24,1.69,1.75,0.83,0.68,1.16,0.91,1.44,0.75,1.02,1.31,0.86,0.54,0.84,0.93,1.32,1.08,1.19,1.73,0.76,0.87,1.55,0.81,0.59,0.91,1.35,0.75,0.95,0.91,0.75,0.68,1.03,1.43,0.56,0.75,1.29,1.22,1.25,1.21,0.8,1.59,1.31,1.04,1.76,0.86,0.9,1.27,0.65,0.92,1.05,1.59,0.96,1.2,1.23,1.13,1.23,0.94,1.02,1.28,0.98,0.66,1.81
,18,2.27,3.23,1.29,2.35,1.29,4.32,3.71,5.07,3.87,5.05,3.44,4.85,3.8,2.05,5.25,3.85,2.14,2.76,1.31,2.88,3.03,2.2,3.05,3.86,2.9,2.23,1.84,2.04,2.46,3.11,2.56,2.85,1.65,5.52,4.65,3.49,4.07,3.02,5.18,5.6,3.1,2.06,1.76,1.54,3.34,2.16,2.81,1.28,5.41,2.79,2.69,1.71,3.93,3.54,4.67,3.17,3.42,1.85,4.56,1.99,2.04,2.38,4.0,4.86,2.92,3.3,3.74,2.18,2.67,3.19,3.24,2.71,3.22,3.84,2.14,2.31,4.57,4.15,3.39,3.14,4.74,3.44,5.04,4.18,3.65,2.59,3.89,2.31,3.79,1.78,7.48,2.45,2.25,4.06,3.96,2.35,2.65,2.9,2.96,4.13,2.93,5.42,3.2,1.78,3.61,4.69,2.23,2.34,2.64,3.25,7.11,3.66,2.34,4.31,2.6,4.28,7.1,4.39,2.51,3.44,3.01,2.38,5.74,4.94,5.53,4.93,4.09,3.07,1.82,2.81,2.8,2.25,3.82,2.04,4.46,5.39,2.81,4.67,4.5,5.57,1.44,4.53,2.59,3.64,1.75,7.05,3.47,1.98,7.83,1.27,4.38,2.53,2.42,2.19,3.15,3.8,3.38,3.37,1.71,2.1,4.35,2.69,3.92,3.06,2.47,2.22,3.26,6.3,2.91,5.0,2.81,5.08,3.57,2.71,3.57,4.2,4.49,1.45,2.29,2.58,2.09,1.75,2.99,6.94,5.78,1.84,7.15,3.06,8.22,3.29,3.67,2.75,3.28,2.68,2.13,2.13,3.22,1.89,4.13,4.13,1.71,3.27,1.75,2.51,1.7,2.66,2.42,1.67,2.22,2.42,2.31,3.37,1.68,1.88,2.27,4.4,3.21,3.66,14.99,3.08,2.86,3.48,2.19,2.57,4.87,1.92,3.17,1.4,3.18,1.35,5.91,4.26,3.03,4.59,4.7,2.05,2.85,2.08,3.09,3.37,7.92,2.37,2.56,6.09,3.1,2.37,2.81,2.84,2.03,1.74,3.01,1.97,3.56,2.5,4.02,5.17,3.31,1.21,1.74,4.28,1.66,2.74,3.6,3.82,4.85,2.81,2.29,2.91,5.99,3.14,2.93,1.59,3.45,3.18,5.72,2.1,2.24,3.5,2.99,1.76,1.77,2.81,4.2,3.54,4.5,2.19,3.09,2.23,6.67,4.69,3.33,4.01,2.52,2.12,6.63,1.98,3.99,3.36,6.15,2.94,3.06,2.73,5.45,3.05,3.44,1.73,1.12,2.63,2.24,5.53,1.9,3.92,2.39,4.66,2.77,2.61,3.72,3.2,1.85,3.97,2.59,4.02,2.24,2.12,2.03,3.11,5.11,3.27,3.94,1.76,2.9,3.06,5.14,3.74,3.5,3.65,4.15,4.56,3.7,4.09,2.61,1.95,2.65,6.13,3.5,4.47,8.65,1.02,2.52,3.7,2.84,5.32,1.33,2.17,1.45,3.17,2.24,9.05,2.63,5.21,4.82,3.17,2.63,2.77,2.12,1.7,4.13,4.09,3.98,4.99,1.68,3.03,1.82,2.66,2.86,2.66,5.2,2.91,7.81,2.84,3.13,5.03,4.08,1.99,1.89,10.16,1.76,5.56,2.18,4.75,3.63,5.43,2.07,3.81,3.42,2.29,2.11,5.03,5.83,3.87,2.2,3.19,1.44,2.23,2.23,2.45,3.35,4.38,6.76,1.92,5.59,6.66,2.98,4.62,3.23,3.45
,11,0.43,0.42,0.4,0.64,0.43,0.45,0.38,0.57,0.39,0.38,0.4,0.4,0.4,0.43,0.46,0.45,0.66,0.41,0.41,0.33,0.5,0.44,0.33,0.41,0.39,0.46,0.45,0.41,0.55,0.37,0.43,0.37,0.4,0.48,0.47,0.34,0.44,0.39,0.38,0.41,0.4,0.36,0.37,0.33,0.48,0.51,0.36,0.5,0.42,0.34,0.43,0.44,0.35,0.43,0.41,0.4,0.37,0.42,0.42,0.38,0.54,0.34,0.37,0.44,0.66,0.46,0.36,0.42,0.47,0.43,0.42,0.4,0.44,0.46,0.42,0.41,0.35,0.47,0.41,0.36,0.38,0.37,0.4,0.44,0.54,0.45,0.39,0.43,0.41,0.38,0.42,0.43,0.48,0.58,0.41,0.36,0.4,0.39,0.44,0.49,0.42,0.47,0.37,0.43,0.42,0.43,0.39,0.45,0.37,0.59,0.42,0.38,0.43,0.38,0.38,0.47,0.36,0.38,0.4,0.36,0.41,0.4,0.45,0.42,0.38,0.42,0.45,0.48,0.47,0.45,0.4,0.57,0.46,0.51,0.53,0.51,0.37,0.44,0.48,0.5,0.39,0.41,0.38,0.44,0.5,0.42,0.48,0.41,0.42,0.41,0.42,0.4,0.44,0.35,0.41,0.36,0.44,0.48,0.43,0.47,0.38,0.41,1.68,0.42,0.44,0.49,0.44,0.5,0.44,0.37,0.53,0.35,0.42,0.35,0.45,0.39,0.32,0.36,0.4,0.35,0.6,0.36,0.44,0.44,0.41,0.49,0.42,0.43,0.47,0.57,0.41,0.38,0.37,0.49,0.44,0.38,0.42,0.43,0.57,0.36,0.42,0.44,0.5,0.42,0.32,0.42,0.41,0.46,0.43,0.39,0.34,0.4,0.37,0.44,0.4,0.35,0.4,0.46,0.48,0.46,0.46,0.39,0.42,0.41,0.42,0.5,0.42,0.39,0.45,0.39,0.51,0.39,0.46,0.47,0.4,0.44,0.44,0.38,0.44,0.38,0.48,0.45,0.57,0.44,0.38,0.38,0.44,0.44,0.48,0.45,0.42,0.37,0.41,0.44,0.37,0.36,0.69,0.43,0.31,0.45,0.41,0.49,0.59,0.57,0.41,0.37,0.4,0.43,0.49,0.42,0.42,0.44,0.39,0.4,0.37,0.36,0.47,0.42,0.37,0.53,0.35,0.38,0.4,0.4,0.41,0.45,0.37,0.35,0.45,0.4,0.45,0.46,0.36,0.38,0.46,0.44,0.41,0.41,0.45,0.37,0.46,0.39,0.38,0.38,0.4,0.37,0.47,0.46,0.42,0.43,0.45,0.4,0.4,0.46,0.37,0.39,0.49,0.53,0.43,0.43,0.43,0.43,0.47,0.41,0.55,0.4,0.39,0.41,0.47,0.48,0.38,0.4,0.41,0.49,0.35,0.45,0.51,0.47,0.55,0.47,0.42,0.37,0.38,0.43,0.38,0.47,0.52,0.48,0.53,0.4,0.37,0.41,0.43,0.35,0.39,0.47,0.39,0.44,0.42,0.39,0.35,0.42,0.39,0.44,0.52,0.39,0.39,0.47
,12,0.57,0.44,0.41,0.64,0.44,0.61,0.54,0.48,0.62,0.46,0.42,0.44,0.54,0.49,0.49,0.46,0.53,0.52,0.43,0.42,0.42,0.41,0.42,0.43,0.4,0.4,0.55,0.54,0.52,0.45,0.37,0.49,0.44,0.45,0.56,0.43,0.44,0.38,0.5,0.5,0.58,0.44,0.47,0.5,0.7,0.37,0.43,0.53,0.55,0.53,0.45,0.46,0.42,0.43,0.44,0.59,0.38,0.53,0.46,0.4,0.39,0.42,0.53,0.52,0.37,0.43,0.49,0.48,0.47,0.59,0.42,0.55,0.5,0.52,0.43,0.5,0.41,0.42,0.41,0.47,0.46,0.43,0.51,0.44,0.5,0.39,0.43,0.4,0.45,0.46,0.33,0.51,0.43,0.51,0.54,0.44,0.44,0.48,0.65,0.52,0.36,0.46,0.48,0.45,0.44,0.46,0.42,0.52,0.5,0.44,0.47,0.44,0.45,0.45,0.53,0.51,0.62,0.4,0.5,0.44,0.44,0.65,0.5,0.41,0.41,0.41,0.42,0.49,0.43,0.4,0.43,0.6,0.46,0.46,0.51,0.42,0.38,0.46,0.54,0.63,0.55,0.44,0.43,0.48,0.47,0.47,0.54,0.46,0.51,0.52,0.67,0.47,0.49,0.45,0.48,0.37,0.56,0.38,0.5,0.61,0.51,0.59,0.6,0.53,0.84,0.49,0.58,0.47,0.44,0.45,0.48,0.49,0.41,0.44,0.54,0.54,0.45,0.46,0.55,0.53,0.52,0.44,0.55,0.47,0.44,0.44,0.45,0.42,0.39,0.35,0.49,0.42,0.67,0.48,0.4,0.4,0.41,0.39,0.67,0.43,0.6,0.58,0.62,0.53,0.54,0.44,0.55,0.46,0.45,0.54,0.4,0.49,0.43,0.48,0.48,0.48,0.47,0.54,0.47,0.65,0.45,0.69,0.46,0.52,0.48,0.51,0.47,0.45,0.48,0.48,0.49,0.4,0.48,0.48,0.49,0.5,0.48,0.46,0.49,0.58,0.38,0.5,0.49,0.48,0.55,0.41,0.44,0.48,0.49,0.5,0.61,0.46,0.45,0.59,0.43,0.46,0.42,0.44,0.46,0.58,0.55,0.47,0.6,0.57,0.45,0.41,0.5,0.57,0.45,0.5,0.51,0.44,0.44,0.5,0.45,0.43,0.43,0.58,0.62,0.45,0.54,0.49,0.46,0.49,0.47,0.43,0.46,0.5,0.56,0.43,0.47,0.43,0.47,0.41,0.52,0.46,0.53,0.52,0.54,0.51,0.44,0.44,0.37,0.47,0.47,0.43,0.44,0.47,0.39,0.42,0.46,0.39,0.55,0.51,0.5,0.5,0.59,0.43,0.47,0.47,0.5,0.48,0.7,0.48,0.39,0.68,0.44,0.37,0.4,0.59,0.57,0.5,0.41,0.58,0.52,0.5,0.43,0.46,0.46,0.49,0.46,0.52,0.54,0.48,0.59,0.56,0.47,0.38,0.41,0.57,0.5,0.54,0.52,0.5,0.65,0.61,0.46,0.39,0.56,0.43,0.55,0.49,0.4,0.4,0.46,0.41,0.44,0.52,0.49,0.48,0.5,0.51,0.39,0.47,0.6,0.48,0.49,0.45,0.54,0.36,0.42,0.47,0.49,0.4,0.38,0.35,0.4,0.39,0.4,0.5,0.48,0.46,0.49,0.4,0.45,0.53,0.57,0.39,0.43,0.48,0.42,0.67,0.58,0.41,0.48,0.42,0.45,0.41,0.48,0.48,0.43,0.5,0.55,0.59,0.4,0.4,0.74,0.45,0.41,0.45,0.44,0.6,0.58,0.37,0.39,0.46,0.49,0.38,0.44,0.55,0.58,0.47,0.46,0.55,0.49,0.53,0.39,0.52,0.59,0.53,0.4,0.59,0.66,0.46,0.51,0.36,0.44,0.5,0.44,0.42,0.5,0.48,0.4,0.43,0.48,0.54,0.54,0.47,0.38,0.45,0.41,0.51,0.45,0.56,0.59,0.7,0.43,0.51,0.41,0.53,0.41,0.73,0.39,0.48,0.44,0.42,0.44,0.47,0.41,0.52,0.49,0.36,0.53,0.6,0.47,0.47,0.47,0.45,0.42,0.48,0.52,0.75,0.4,0.42,0.45,0.46,0.43,0.53,0.53
,17,1.41,3.49,2.04,4.6,2.23,1.4,1.46,2.7,4.08,4.4,3.48,1.36,4.6,1.93,1.87,2.68,1.36,1.81,1.58,2.08,2.2,1.92,2.31,1.84,2.1,3.17,2.71,1.69,1.27,2.23,1.27,1.92,1.86,2.04,5.55,2.44,2.85,1.03,1.2,1.87,1.81,2.11,2.22,2.27,2.92,2.09,1.93,1.93,2.1,3.34,2.37,3.41,3.13,2.19,2.3,4.51,1.99,2.5,2.4,1.42,3.9,1.72,3.32,2.75,2.42,3.29,1.65,1.81,2.78,2.63,5.18,1.28,2.61,6.14,1.95,2.4,1.75,1.56,1.42,3.6,2.26,1.81,2.04,1.64,2.31,1.34,2.28,1.93,1.8,3.78,3.82,1.67,1.64,1.94,2.2,2.72,1.42,2.38,3.24,1.7,1.79,1.6,2.77,1.77,2.01,1.09,1.48,1.48,2.04,2.32,2.22,1.16,1.35,1.36,2.7,2.82,1.52,1.61,1.77,2.02,1.42,2.37,1.72,3.12,2.45,1.81,2.98,2.19,3.05,1.8,1.92,1.25,2.79,1.37,1.19,5.8,1.6,4.35,1.44,2.8,2.64,1.17,1.95,1.07,1.45,1.26,2.71,2.29,3.74,2.02,1.73,2.91,1.84,3.54,2.52,1.74,1.51,2.41,2.14,2.77,2.28,2.0,2.28,1.13,3.73,5.16,1.82,2.13,2.23,3.07,1.71,2.0,1.18,2.15,4.37,1.01,1.91,5.79,6.39,4.5,2.06,1.46,2.42,4.04,2.32,2.63,3.92,2.0,2.82,2.48,3.12,3.62,3.14,2.95,3.28,2.01,2.31,2.41,3.2,1.71,1.33,3.96,1.5,2.04,2.27,2.39,1.38,1.79,2.64,2.16,2.43,1.8,2.06,3.06,2.3,1.81,2.26,1.17,1.88,2.51,1.88,2.43,2.63,1.55,2.44,1.8,1.99,2.78,0.76,2.14,1.94,2.37,4.89,2.4,1.59,1.34,2.26,2.73,1.83,1.21,2.79,2.47,1.55,1.59,2.42,4.36,1.57,2.0,2.91,2.97,1.64,1.6,4.58,2.86,2.25,4.07,3.23,2.56,1.71,2.7,2.89,2.13,2.06,2.31,2.18,2.46,2.44,3.5,1.77,1.65,5.3,1.55,2.11,2.75,1.85,2.25,1.38,2.23,0.88,1.79,3.24,1.48,1.61,2.55,1.79,1.13,1.8,2.65,2.27,1.28,1.79,3.13,1.09,3.6,2.19,2.7,2.48,2.07,1.57,2.23,2.01,2.39,1.66,2.16,2.48,3.2,2.54,1.89,3.01,1.33,1.91,1.84,3.72,2.04,2.02,2.03,2.0,2.16,2.07,2.04,1.75,2.29,1.87,1.66,3.48,1.92,1.09,1.92,3.81,2.43,1.9,2.88,1.59,1.65,2.22,3.07,1.72,1.14,1.46,2.12,2.35,1.47,2.11,1.85,2.97,1.34,2.63,1.77,2.6,1.9,2.14,3.93,3.28,1.89,1.69,2.29,2.32,1.94,1.38,4.76,2.93,4.73,3.58,2.53,3.38,2.14,1.42,2.85,7.81,3.45,1.38,1.81,2.89,2.77,1.65,1.39,2.76,3.02,2.33,2.52,2.99,0.98,2.91,0.96,5.01,2.26,1.36,1.16,1.03,2.27,3.0,2.2,3.46,4.54,2.36,2.62,1.2,1.5,2.31,2.14,1.23,1.94,1.14,1.73,1.16,2.08,1.95,1.3,3.35,2.78,2.24,2.53,3.21,2.76,2.55,2.87,2.14,1.84,3.07,1.75,2.51,1.81,2.27,2.89,2.78,1.74,0.79,2.6,1.62,1.23,6.82,4.4,1.33,4.14,1.49,1.67,1.81,1.27,1.67,2.51,3.66,3.2,1.62,3.01,1.95,2.47,2.89,3.85,1.09,1.27,2.59,2.13,2.17,4.73,2.5,2.13,3.09,2.73,0.91,1.66,1.85,2.51,1.69,1.45,2.39,5.68,2.74,3.05,1.92,1.91,2.62,4.35,1.84,1.76,2.51,5.14,4.05,1.35,2.03,2.22,4.99,2.34,1.92,1.66,1.46,2.43,1.77,1.96,2.62,1.91,1.37,2.17,5.0,2.23,2.62,2.62,1.93,1.94,2.56,0.83,2.14,1.47,1.59,2.43,1.81,1.91,1.97,1.3,2.22,1.79,2.01,1.77,1.75,1.65,1.21,3.11,1.82,3.21,4.04,1.5,2.6,1.62,3.57,2.62,2.05,2.09,2.18,1.17,2.86,2.26,2.07,1.92,2.32,1.94,1.59,2.43,1.49,1.58,1.88,2.05,3.31,2.65,3.85,1.61,2.0,1.72,1.41,1.94,2.25,1.58,1.65,2.48,2.04,1.44,1.98,2.0,1.7,2.21,2.01,2.26,2.72,1.27,1.13,1.8,1.76,2.73,2.58,3.06,2.6,1.67,1.66,1.77,2.21,1.63,1.69,1.51,2.18,1.13,1.68,3.43,2.31,2.02,1.66,1.8,1.52,1.84,3.33,1.04,1.63,3.64,4.37,2.49,3.02,1.83,2.55,2.28,2.23,1.73,1.66,2.58,2.33,1.2,2.06,0.73,2.1,1.86,1.68,3.22,2.67,3.25,4.32,3.01,2.64,2.43,3.32,2.78,3.39,1.6,1.62,2.69
,14,0.57,0.49,0.64,0.68,0.74,0.78,0.47,0.74,0.84,0.73,0.63,0.62,0.59,0.47,0.71,0.61,0.72,0.71,0.58,0.92,0.6,0.64,0.95,0.73,0.6,0.83,0.58,0.78,0.7,0.74,0.66,0.77,0.62,0.73,0.76,0.51,0.68,0.63,0.75,0.63,0.79,0.67,0.6,0.64,0.64,0.75,0.73,0.73,0.89,0.66,0.77,0.54,0.7,0.62,1.08,1.31,0.6,1.54,0.93,0.59,0.79,0.56,0.96,0.86,0.53,0.71,0.62,0.68,0.64,0.64,0.79,0.71,0.75,0.79,0.5,0.57,0.65,0.6,0.61,0.63,0.53,0.72,0.61,0.73,0.68,0.58,0.79,0.58,0.76,0.53,0.74,1.08,0.59,0.64,1.07,0.63,0.75,1.27,0.66,0.61,1.0,0.65,0.52,0.81,0.81,0.51,0.62,0.53,0.64,0.73,0.76,0.62,1.1,0.56,0.56,1.07,0.7,0.6,0.87,0.48,0.49,0.82,0.9,0.88,0.68,0.92,1.1,0.89,0.59,0.73,0.79,1.11,0.62,0.81,0.67,0.82,0.79,0.65,0.71,0.82,0.8,0.56,0.76,0.72,0.56,0.65,1.03,0.68,0.66,0.57,0.58,0.61,0.65,0.85,0.77,0.89,0.59,0.75,0.56,0.58,0.67,0.58,1.29,1.02,0.82,0.72,0.76,0.6,0.62,0.94,0.81,1.06,0.64,0.58,0.74,0.63,0.59,0.71,0.63,0.57,1.31,1.16,0.85,0.63,0.83,0.69,0.93,0.63,0.57,0.75,0.94,0.66,0.66,0.73,0.76,0.62,0.6,0.65,0.61,0.72,0.75,0.72,0.96,0.65,0.51,0.67,0.65,0.64,0.56,0.85,0.74,1.0,0.57,0.6,0.52,1.08,0.64,0.4,0.51,0.6,0.76,0.52,0.95,0.89,0.49,0.63,0.62,0.69,0.77,0.93,0.65,0.94,0.94,0.88,0.68,0.52,0.82,0.57,0.64,1.06,0.67,0.64,0.57,0.89,0.77,1.08,0.76,0.64,0.85,0.61,0.76,0.72,0.45,0.75,0.67,0.61,0.71,0.82,0.62,0.91,0.78,0.87,0.58,0.48,0.67,0.58,0.9,0.76,0.68,0.66,0.67,0.59,0.53,0.5,0.77,0.6,0.83,1.18,0.96,0.66,0.77,0.86,0.65,0.6,0.49,0.7,0.8,0.83,0.63,0.93,0.84,0.7,0.7,0.59,0.77,0.91,0.98,0.57,0.66,0.65,0.76,0.75,0.6,0.47,0.61,0.67,0.59,0.52,1.12,0.66,0.6,0.61,0.95,1.29,0.78,0.76,0.57,1.0,0.68,0.75,0.89,0.9,1.61,0.65,0.76,0.58,0.98,0.62,0.93,0.66,0.85,0.92,0.77,1.05,0.72,0.78,0.84,0.78,0.51,0.64,0.76,0.57,0.86,0.89,0.71,0.55,0.98,0.67,0.61,0.57,0.71,0.99,0.86,0.65,0.49,0.54,0.48,0.81,0.88,0.99,0.59,1.03,1.47,0.51,0.59,1.13,0.88,0.79,0.49,0.64,0.78,0.66,0.71,1.01,0.83,0.78,0.82,0.66,0.65,0.71,0.52,0.87,1.17,0.51,0.57,0.62,0.86,1.37,0.65,0.71,0.54,0.65,1.35,0.8,1.12,0.71,0.76,0.78,0.52,1.12,0.6,0.78,0.66,0.54,0.91,0.74,0.65,0.68,0.97,0.65,0.82,0.73,0.71,0.69,0.66,1.5,1.12,0.52,0.91,0.64,0.7,0.97,0.86,0.82,0.81,0.52,0.53,0.61,0.62,0.8,0.72,1.21,0.65,0.66,0.64,0.63,0.79,0.75,0.65,0.92,0.62,0.64,0.89,0.73,0.69,0.97,0.7,0.96,0.87,1.27,0.88,0.83,1.27,0.71,0.9,0.69,0.72,0.46,0.84,0.49,0.96,0.65,0.47,0.46,0.59,0.62,0.81,0.79,0.59,0.88,0.52,0.63,0.95,0.85,0.95,0.95,0.95,1.14,0.47,0.84,0.66,0.82,0.6,0.81,0.91,0.63,0.59,0.78,0.74,0.85,0.61,0.72,0.53,0.72,0.55,0.64,0.58,0.67,0.52,1.18,0.71,0.62,0.63,0.6,0.76,0.93,0.89,0.66,0.92,0.45,0.61,0.61,0.8,0.64,0.65,1.83,0.58,0.58,0.57,0.7,0.93,0.9,0.9,0.49,0.71,0.63,0.79,0.77,1.16,0.66,0.47,0.52,0.89,0.69,0.76,0.6,0.75,0.69,0.58,0.78,0.74,0.57,0.92,0.81,0.63,0.58,0.66,0.76,0.76,0.57,0.73,0.8,0.63,0.63,0.73,1.72,0.69,0.85,0.71,1.0,0.68,0.73,1.02,0.9,0.54,1.45,0.81,1.08,0.79,0.71,0.77,0.98,0.73,0.71,0.85,0.75,0.44,0.53,0.67,0.55,0.77,0.95,0.68,0.6,0.75,0.65,0.48,0.7,0.9,0.8,0.66,0.68,0.71,0.65,0.48,0.69,0.95,0.92,0.66,0.71,0.5,0.95,0.79,0.61,1.19,0.83,0.57,0.82,0.89,0.65,0.61,0.87,0.64,0.6,0.66,0.53,0.61,0.91,0.61,0.66,0.85,0.55,0.58,0.69,0.97,0.67,0.56,0.76,1.03,0.89,0.84,0.63,0.66,0.95,0.89,0.8,0.62,0.74,0.44,0.65,0.67,1.32,0.51,0.72,0.61,0.57,1.04,0.81,1.12,1.32,0.86
,9,0.41,0.39,0.36,0.34,0.37,0.39,0.36,0.39,0.42,0.39,0.38,0.35,0.33,0.33,0.45,0.34,0.37,0.38,0.44,0.3,0.35,0.41,0.36,0.37,0.34,0.35,0.35,0.33,0.35,0.41,0.35,0.38,0.37,0.35,0.4,0.36,0.41,0.34,0.39,0.34,0.33,0.37,0.35,0.42,0.34,0.41,0.37,0.35,0.35,0.35,0.34,0.35,0.37,0.36,0.38,0.38,0.36,0.38,0.34,0.35,0.42,0.3,0.35,0.32,0.38,0.4,0.37,0.36,0.42,0.38,0.33,0.38,0.4,0.36,0.33,0.46,0.33,0.39,0.32,0.43,0.35,0.39,0.38,0.39,0.37,0.44,0.35,0.35,0.43,0.38,0.36,0.4,0.36,0.38,0.38,0.39,0.35,0.36,0.38,0.39,0.37,0.36,0.34,0.34
,19,4.42,3.02,7.97,6.65,5.42,5.4,4.62,4.59,5.65,3.51,8.49,6.77,8.63,4.08,3.39,3.16,3.82,10.18,9.22,5.66,3.18,4.01,2.71,3.04,2.72,3.2,9.1,3.51,6.56,11.65,13.29,5.59,3.66,8.48,13.46,5.29,5.56,4.84,7.72,7.16,4.37,2.65,3.15,4.55,3.74,3.58,6.11,3.34,4.35,3.21,2.51,4.11,1.91,7.4,7.58,5.45,6.94,6.13,5.17,13.13,4.39,8.85,10.47,5.87,3.23,9.15,6.77,4.96,2.77,2.48,2.95,3.48,4.79,4.08,7.84,11.23,5.4,2.35,2.57,3.46,3.09,8.4,5.02,5.96,3.35,21.91,10.37,2.15,7.79,8.33,4.68,2.68,3.47,3.08,3.07,2.47,5.27,7.77,4.29,4.99,8.73,5.77,4.99,3.56,5.78,4.96,3.71,1.87,7.36,4.52,11.43,4.5,1.92,4.3,3.1,3.37,5.07,4.78,6.61,4.52,7.11,6.06,5.31,4.59,1.69,6.77,2.57,6.7,3.99,6.97,2.94,7.96,8.95,3.88,2.68,3.31,8.12,6.64,2.75,6.9,3.5,4.19,5.32,3.9,5.08,6.34,3.52,4.89,5.01,3.88,3.6,13.93,7.58,7.98,4.91,2.78,3.7,5.08,4.59,3.91,7.09,6.96,4.46,2.5,2.18,1.58,5.59,4.18,3.76,3.99,3.03,4.3,2.67,5.33,4.42,1.48,5.22,3.66,2.8,5.5,7.41,5.18,5.85,4.63,8.02,3.52,7.44,2.99,2.83,2.6,2.39,5.73,4.96,4.54,2.72,5.6,6.76,2.72,3.92,11.68,7.3,4.45,8.89,3.72,6.84,3.59,3.13,5.01,10.13,5.04,6.34,5.68,3.8,2.46,4.69,3.91,7.49,3.01,4.79,3.08,5.91,5.22,12.37,3.42,2.22,3.6,6.35,1.7
,8,0.36,0.37,0.4,0.37,0.51,0.36,0.36,0.44,0.34,0.36,0.35,0.51,0.31,0.36,0.33,0.42,0.39,0.33,0.34,0.38,0.36,0.36,0.37,0.36,0.35,0.35,0.38,0.49,0.37,0.36,0.36,0.33,0.38,0.3,0.35,0.39
,21,9.61,12.63,9.58,3.16,9.54,11.58,7.48,11.47,11.35,8.17,8.53,8.43,7.7
,20,6.23,5.48,6.78,5.05,6.95,10.17,5.05,5.83,8.53,3.71,6.77,10.58,6.84,6.07,8.05,17.85,11.85,6.38,7.06,2.15,9.01,6.06,3.19,6.4,8.41,11.88,5.08,17.31,7.47,9.65,3.15,9.05,3.89,11.41,9.88,5.09,10.7,12.67,5.88,4.95,4.15,5.8,5.12,4.0,11.11,6.02,4.26,7.72,4.88,9.14,4.75,6.74,19.23,5.98,7.11,16.1,12.01,4.52,10.21,10.13
,7,0.36,0.36
