,Exp parameter a,Exp parameter b,Poly parameter a,Poly parameter b
0,4.864623107237657e-05,1.6081185444180037,1.312862376786653e-16,11.970662504182656
1,5.472594849002365e-05,1.6031793432720063,1.8730935467732845e-16,11.87456307185812
2,5.138244919440965e-05,1.60516368519431,1.7003616626961118e-16,11.89370745587621
3,9.224973869546602e-05,1.5681754330416466,1.25120461707841e-15,11.274514825085134
4,5.89192675395645e-05,1.5960655957904748,3.389147617779286e-16,11.678467130755962
5,7.099870459326519e-05,1.5850740152426859,3.0080816765282616e-16,11.718915700625985
6,6.29065408705896e-05,1.5924042808243897,2.5563385556495104e-16,11.76846132919627
7,5.209511183995539e-05,1.6042703210070162,1.4161817706873744e-16,11.94919622530324
8,5.148325218377799e-05,1.6052220446989995,1.0111354931918372e-16,12.054614353914076
9,5.8774281383658185e-05,1.5971932630014143,2.7395633726293496e-16,11.748530472479615
10,7.184195733935042e-05,1.5843250344913,4.762103760899415e-16,11.575280213111
11,5.3463847082171666e-05,1.6037330980383184,1.6876518634652934e-16,11.901462958654065
12,5.7033636202262815e-05,1.597995248754353,1.6088955197353313e-16,11.908288366664692
13,7.168462618169181e-05,1.58480323002304,4.633432630772076e-16,11.586734278645508
14,4.3077911986252475e-05,1.6146856127433638,1.1707238144703333e-16,12.000983907231785
15,4.039019370131391e-05,1.621370142869072,9.662784281626521e-17,12.071576178250325
16,5.3277150061181354e-05,1.6035748746499148,1.3508457532460895e-16,11.967049595629305
17,3.769416141438006e-05,1.6258986481163122,6.392654390626738e-17,12.198287527965476
18,4.304115503377213e-05,1.6171265774247865,8.814758006582289e-17,12.097888505256378
19,5.821480455684311e-05,1.5969816794448004,3.3881006258512003e-16,11.67853847999595
20,6.759922850664189e-05,1.5894829306653366,2.96580253299985e-16,11.728519726742888
21,4.9582785231846675e-05,1.6078331685007339,1.320862391770928e-16,11.973894095352989
22,3.766310026376431e-05,1.6238415613298336,5.4293951236202595e-17,12.24360491155403
23,5.8837518209922794e-05,1.596008191897002,3.460408955529821e-16,11.671841000604218
24,2.618826289324736e-05,1.6488546055585156,1.3379943064012272e-17,12.682775218539973
25,4.478328245085275e-05,1.6151063775411418,2.4823346619486573e-16,11.781904213455618
26,4.013969246027836e-05,1.6212777253912274,5.795431467292548e-17,12.22664496522566
27,3.133615147864485e-05,1.6362260860423912,5.3654574990993824e-17,12.247332787753294
28,5.016240949905208e-05,1.6057929051569788,1.1726113724430747e-16,12.003546446778273
29,2.8957501184071215e-05,1.642484626345389,2.0223903546666573e-17,12.554413331970864
30,2.900583889097246e-05,1.6417507749236713,4.9381702863037014e-17,12.275223235128578
31,3.477161831407353e-05,1.6286505626030428,5.1822442942704143e-17,12.253083571064963
32,7.932310587668916e-05,1.5777030852824812,4.2231208206901356e-16,11.608281431700107
33,7.85066741507421e-05,1.5791363453332745,6.998695888809213e-16,11.458328415263168
34,4.729737221453037e-05,1.6098350434758473,1.427695325126468e-16,11.94564855908834
35,8.478066296687167e-05,1.5746697974203927,6.591265217089403e-16,11.48040094901171
36,4.689949199294401e-05,1.611157551155139,1.2885019632050462e-16,11.979938022929673
37,5.408677069157003e-05,1.6011238180434901,1.3884446247276785e-16,11.952379785352605
38,2.4191250874060688e-05,1.6536933039696815,9.481766754892275e-18,12.787086979592459
39,7.903923722050901e-05,1.579078976843085,5.500137548972785e-16,11.534829413963053
40,4.6555005220735035e-05,1.6122874981670707,1.0464572212959659e-16,12.045019633049378
41,3.472713142287326e-05,1.6308401725860007,3.513754430220174e-17,12.384089944031075
42,5.837176904072947e-05,1.5975349368019236,2.5630903815787577e-16,11.767557539293193
43,2.611782681517989e-05,1.6485450575615417,1.5817817424045464e-17,12.628286144448339
44,3.4150796871696284e-05,1.6310521772405113,6.71570899334796e-17,12.179656205439187
45,1.9766738416745044e-05,1.6664643168611957,5.711734207770703e-18,12.941723327995533
46,3.638741809101292e-05,1.6280255450225587,2.7290202978345417e-17,12.45997997197719
47,5.841789837685672e-05,1.5974811684040557,3.213909192204472e-16,11.700058160906337
48,5.677393329098752e-05,1.5984551806445864,2.48236196295564e-16,11.773009832440493
49,2.7277848700343554e-05,1.6464872764386034,1.3617228551344309e-17,12.677442802797486
50,7.760158933667938e-05,1.5800559309909985,5.058646608829864e-16,11.561194069911835
51,4.979436336783045e-05,1.6071419305500811,1.1438735307374436e-16,12.015649252679395
52,7.514654327880745e-05,1.583019335396928,5.238415644982746e-16,11.554401042241807
53,6.10453391374646e-05,1.5937139272224345,3.459531312203092e-16,11.671914919152186
54,3.905111301241709e-05,1.6235031566848186,9.33265617737186e-17,12.080360420269699
55,6.741378858321294e-05,1.586583947699297,5.430983594702046e-16,11.526461729469702
56,4.0745246714007124e-05,1.619101649784789,7.999129666092321e-17,12.124540359593539
57,5.532156802114797e-05,1.6007264001073889,1.7334325699851945e-16,11.88784521587786
58,6.32523332923395e-05,1.5912272181774667,4.158307115043292e-16,11.612491724451957
59,7.196831864836999e-05,1.5840573140365173,4.217861327072474e-16,11.612173439323215
60,5.638124799557494e-05,1.5989847134285904,1.601750602313502e-16,11.910384732272178
61,5.862119871515433e-05,1.5982150442563516,2.8581445938335417e-16,11.739770840924848
62,5.8238476886048236e-05,1.5979190009214614,3.4437288938115685e-16,11.678287007318886
63,3.365185470836609e-05,1.6327322408179954,3.4080548890369537e-17,12.391843818532834
64,7.352324135314505e-05,1.5821713102655868,5.055811769491873e-16,11.553706158561909
65,6.746271387406834e-05,1.5880379886604956,2.754762082052379e-16,11.74459701343767
66,3.409774100304666e-05,1.632811280819831,2.928027601257382e-17,12.44515698346595
67,3.9948630246398e-05,1.6215770081867982,8.741001559769263e-17,12.099884581247352
68,6.581386506255882e-05,1.5914364857458518,4.32125420063373e-16,11.61475616367261
69,0.00010285865883551877,1.5625380797782968,2.1023215668915787e-15,11.121282970615539
70,7.831709918593063e-05,1.5792031969405695,3.6095074587377053e-16,11.66308290772713
71,7.840386592533694e-05,1.5766857534565033,9.214470342522162e-16,11.363576200855277
72,5.412254908505159e-05,1.6021730090748714,1.1800550957323556e-16,12.006586009616058
73,4.8044349051304485e-05,1.609093202848388,1.4271164812353253e-16,11.945944356406471
74,3.75765192322257e-05,1.6261067727392937,5.4683052299237255e-17,12.247799651132937
75,6.710784946896053e-05,1.5859033154094542,3.8952162621131014e-16,11.625712088466571
76,2.1904423390590107e-05,1.659436014152236,1.4624140935279656e-17,12.651045566190987
77,4.379887946533744e-05,1.6164497723538853,7.644314624445399e-17,12.146702577590986
78,5.742278128788459e-05,1.6003064421204791,2.0589678319938644e-16,11.84611244378084
79,4.1029914762354145e-05,1.620349735884152,6.549288586097308e-17,12.19103424365494
80,7.59591461787358e-05,1.5824851018832804,5.622991304606181e-16,11.533016454916833
81,3.2014604719802054e-05,1.636999770604105,2.5130273965475096e-17,12.493750763182561
82,5.901584867743053e-05,1.5973255354149163,2.3074829117485884e-16,11.803540728371445
83,5.609031039226604e-05,1.6013200025400267,2.3947702552552527e-16,11.796229194385432
84,4.277832977395673e-05,1.6174998122908812,7.991961381527632e-17,12.131966208093218
85,5.45470441856381e-05,1.603342298419242,1.576646048663745e-16,11.927198408429831
86,5.218108202949642e-05,1.6050917618642546,2.233190744102233e-16,11.813614340209824
87,4.491434513120156e-05,1.6148293807367609,2.232330074948233e-16,11.815157182739313
88,7.657823701511371e-05,1.579789690857418,6.302042213646933e-16,11.486489602699749
89,3.707341583179725e-05,1.6269004171511172,4.624696246036547e-17,12.299239562003095
90,4.0799755404922466e-05,1.6206883602556317,7.347609993971733e-17,12.155577556170101
91,5.41355587164956e-05,1.6010767765121743,2.454753853263533e-16,11.776050502730868
92,3.741294442732611e-05,1.624043209319308,8.490387546608273e-17,12.10176367341137
93,2.644723862844566e-05,1.6486201818403226,1.331561425313776e-17,12.685493777041302
94,9.38252030459309e-05,1.567279980780556,9.207729285215905e-16,11.368970107222594
95,5.196007644196357e-05,1.6044464700246315,1.6343202463860564e-16,11.905427768551817
96,7.245084177844435e-05,1.5823671338319998,4.943670287451487e-16,11.557733983889193
97,4.49647446419652e-05,1.6132041994328534,9.472257419784052e-17,12.073284947376123
98,4.039965866979775e-05,1.621728016133049,9.521230166203322e-17,12.077594290648449
99,6.555303914956076e-05,1.5897447956915036,4.683470755748186e-16,11.57999706551277
100,5.319181182851218e-05,1.6019781832228104,3.151168698560765e-16,11.695308972164185
101,4.171808983005556e-05,1.6197387069305356,6.977533234944916e-17,12.174433556248005
102,5.6441480266604234e-05,1.5986029878655634,1.4531505959017058e-16,11.939682731433095
103,3.882002510775372e-05,1.624855806854304,8.552376225146504e-17,12.117613538757269
104,3.291381095087778e-05,1.6343287469503833,5.4690699240420266e-17,12.245770973754588
105,7.97400020916709e-05,1.5766582556351325,5.639152182762762e-16,11.5179063518176
106,5.000402447671105e-05,1.6068799161083867,1.0307680379385433e-16,12.04911838654698
107,2.810832162560111e-05,1.642285828133958,3.262552640970814e-17,12.397966275718318
108,4.170207123775128e-05,1.619219142241911,1.0027705062291054e-16,12.057477161105908
109,4.957327969972422e-05,1.609250436155654,2.72733133457088e-16,11.757045554594242
110,5.7934193997876246e-05,1.5970238079438674,1.710224173627532e-16,11.889093426573709
111,4.175180776923515e-05,1.6189442725628533,9.26082952335647e-17,12.082119605424396
112,6.286026772407322e-05,1.5917582343975945,3.6860434597979253e-16,11.651687008270983
113,3.668707308171746e-05,1.6277706089861599,5.163611653799883e-17,12.265926847692299
114,5.0099524368125e-05,1.6059704548256917,1.5294568044330494e-16,11.9231640432331
115,5.0813296923873255e-05,1.6075663521396375,1.5771359733846118e-16,11.927176758546011
116,3.105178065595299e-05,1.6362448941883532,4.157686083083713e-17,12.324469344489444
117,4.690818923649805e-05,1.6111410407516158,1.3709943421735525e-16,11.95937350613167
118,8.130050346382428e-05,1.5755328626581302,7.038488030464751e-16,11.449065335426894
119,3.11132962952888e-05,1.6388827668384573,2.96203381382503e-17,12.441653688040333
120,5.740458416444699e-05,1.5986953977598715,1.7198135847459775e-16,11.89027395161611
121,3.7430134435728526e-05,1.6240397386989158,8.040168593673078e-17,12.119273154495659
122,5.598160663612744e-05,1.6006626378834037,1.6900391159203413e-16,11.899540156855437
123,4.812468786669515e-05,1.6078379074365787,1.3469882741720369e-16,11.95827621972694
124,4.407442543842137e-05,1.6156857848784307,7.358366064594592e-17,12.155688797842231
125,8.774571390986237e-05,1.571267206628416,8.343009686542262e-16,11.397489258078167
126,6.734979203187934e-05,1.5879519089275815,4.1464672470529413e-16,11.618858290679782
127,5.797503841301468e-05,1.5970122777309983,2.8939119726764135e-16,11.726428779058551
128,2.8365933049329124e-05,1.6443148351253898,1.1878189259658933e-17,12.72060126065844
129,5.248128960584145e-05,1.6044583241366377,1.7946667078356614e-16,11.881214289031732
130,7.999724342110216e-05,1.579158665125363,7.03529304005934e-16,11.462818463076928
131,4.654133076492485e-05,1.612782648497872,1.7677291307290328e-16,11.889576794475943
132,5.45740692238568e-05,1.5997411998608957,1.6364405229490846e-16,11.895762293927874
133,4.192017498321996e-05,1.6197783992971926,6.606921009672111e-17,12.195198413863636
134,5.4029769179335514e-05,1.602280354561663,1.2515387364826622e-16,11.990483732371104
135,4.5083966252073994e-05,1.613049767339884,8.511188638478464e-17,12.10721513936096
136,6.131305635179552e-05,1.5929127446808216,1.9854502979920145e-16,11.839463609707309
137,6.090020395983667e-05,1.59384359042176,3.8786672304020936e-16,11.635428769471446
138,3.479386681608601e-05,1.6307231011372019,5.195049488711642e-17,12.261306538505323
139,2.522557437147777e-05,1.6507349557735935,1.1115822126516405e-17,12.735956365448146
140,4.081707814613085e-05,1.621115044494877,6.342094594110241e-17,12.204674546434944
141,4.7833814039323844e-05,1.6082005616971367,1.860386205125532e-16,11.856083955123722
142,5.814743048631673e-05,1.5965784189168728,2.838090579245862e-16,11.731162764053806
143,7.103982104670049e-05,1.5835200157319091,5.061527640692754e-16,11.550566043924391
144,3.78063131967546e-05,1.6248808498129277,8.256343280178116e-17,12.116921206627921
145,3.452845174610584e-05,1.6314467144869567,5.0080650812476675e-17,12.275105166923822
146,8.308298562150443e-05,1.5767908941577256,8.528465466188657e-16,11.403013503973852
147,3.291787306411534e-05,1.6346488221877429,3.1798726741114405e-17,12.41481646637476
148,3.699145842754802e-05,1.6248107449373788,3.8851452397681846e-17,12.343712666068768
149,5.2709876897565485e-05,1.6040768227200266,2.0391240374012554e-16,11.840492045166684
150,6.812349428524744e-05,1.5885735055789312,4.633290695591272e-16,11.589585992791399
151,6.53245659936708e-05,1.5897382674849438,3.0336005257287734e-16,11.711766901609735
152,6.342156401457189e-05,1.5916776807491393,2.9377860124208493e-16,11.723922674816095
153,5.8762434001682456e-05,1.5960895319332882,1.6864425420356644e-16,11.89350689843559
154,3.2393584123847104e-05,1.635621011481361,2.7683865018011893e-17,12.459161753142325
155,3.758006070580197e-05,1.6260861736383418,5.507106483180401e-17,12.246404680731757
156,3.865396870094409e-05,1.621874096651888,9.512168794534202e-17,12.067813417192156
157,5.4500238995688735e-05,1.6012484730187269,1.734586142738941e-16,11.887128013517213
158,9.298656217037674e-05,1.5690873728452024,1.5640368705009989e-15,11.214495142900432
159,7.247515691654065e-05,1.5836385999234797,5.640977390150969e-16,11.521990265065142
160,6.0799358921812476e-05,1.5944055497575695,3.9449837226179166e-16,11.632029636746665
161,5.690249596587874e-05,1.5988360291323858,2.108965310459274e-16,11.827270161078104
162,8.605046102346897e-05,1.5735688127843068,8.673119877295182e-16,11.391485879045604
163,3.9845123648310045e-05,1.621753638839965,8.838610424635549e-17,12.096319564580881
164,4.79124105878852e-05,1.6094229265828164,1.0455149748257815e-16,12.042510472834692
165,6.712184481136649e-05,1.5893498926105885,4.078301822986896e-16,11.62792256545822
166,8.569195447544718e-05,1.5731950807730464,9.690349806220146e-16,11.355717426921274
167,4.30894865614676e-05,1.6170898683121357,1.0894277772738172e-16,12.03520682239423
168,4.511899842767677e-05,1.6137599176261055,9.870881152319767e-17,12.061890100049368
169,4.769397017383619e-05,1.609597163249353,1.3917236859462632e-16,11.952980056028537
170,4.7674128673601e-05,1.610980218384399,1.8048349388707155e-16,11.87974655673952
171,5.8327745981677186e-05,1.595023997494773,2.2240415174470835e-16,11.799871643497227
172,7.300950740000118e-05,1.5833099303701723,5.244759992344274e-16,11.543847122613897
173,4.96658681883369e-05,1.606592532529324,1.340261134767062e-16,11.964244155466986
174,7.948374917846164e-05,1.5784575076595304,8.698799477311253e-16,11.392714304626224
175,5.406535449825951e-05,1.6024345559416384,1.5716972243653227e-16,11.91762318412384
176,6.645261582868336e-05,1.5888201072626957,2.491276710611144e-16,11.774956136177934
177,8.124819774179397e-05,1.5780968727288927,5.367361948854691e-16,11.546787368189598
178,5.397106629770099e-05,1.6014575415632208,1.6358571321936908e-16,11.903728827025134
179,4.082076733334188e-05,1.6206517642911604,8.109941555039774e-17,12.124552779956048
180,3.0724045227493957e-05,1.6388650076198528,2.5329245534536146e-17,12.486111103026815
181,7.647810158406868e-05,1.5817859444281546,5.804495635474836e-16,11.52068572223152
182,3.1509682992414516e-05,1.6377000439943006,3.219877080306157e-17,12.414619072796086
183,3.161309939695338e-05,1.6343037530680629,2.8286894116877857e-17,12.437444356874039
184,6.39782794115266e-05,1.5921744674907041,3.25838059040765e-16,11.698156008545084
185,4.774966681181996e-05,1.60853879723422,8.440848084622867e-17,12.102604168251219
186,3.93217418916212e-05,1.6222538522439263,5.740768129311844e-17,12.228931987589021
187,6.527630966402701e-05,1.58879773930491,3.6056865702656173e-16,11.65394954101248
188,4.518220753133384e-05,1.6142619752766443,8.110987231398673e-17,12.124961269106734
189,6.282731870210946e-05,1.5931881905947214,3.1538931409303026e-16,11.706045558221831
190,7.669203771747701e-05,1.5800733416200359,4.847159047925611e-16,11.568768487813486
191,2.1849989078618206e-05,1.6595307996951907,7.389279235667087e-18,12.859863619190037
192,6.602931819263931e-05,1.5885989001238041,2.969942342569859e-16,11.718372822518177
193,4.0898006003806346e-05,1.6196393000994374,8.477182903143037e-17,12.108448515188684
194,8.134639619754137e-05,1.5780165451965535,9.776625760962565e-16,11.361313973810866
195,4.2141146804377e-05,1.6183549936108914,1.249951474127889e-16,11.991149207061426
196,5.7686766644632e-05,1.5988453876695663,2.5318455605238967e-16,11.776092672638242
197,4.0336559969952665e-05,1.621378740902143,6.410926874638518e-17,12.197524329729276
198,4.623316939739855e-05,1.6128018784857088,1.353644439189031e-16,11.966956582095918
199,0.00014322200182485275,1.539682792165677,5.917637787876018e-15,10.786615986171455
200,4.511306771068955e-05,1.614649573152623,1.623572800500856e-16,11.912016236597992
201,5.050921221729115e-05,1.6061272276229683,1.375831595400827e-16,11.958258436762662
202,8.304959501104022e-05,1.575866909198851,8.827506465823781e-16,11.38806839557401
203,4.6560380593110495e-05,1.6124205196555075,9.213631305753935e-17,12.085882483581372
204,4.144717790530812e-05,1.618088128454274,5.877746468581582e-17,12.219003670748407
205,8.141470815876076e-05,1.5754434012450664,8.756387714271724e-16,11.381625107523178
206,5.14411180725263e-05,1.6050865305565694,1.6728019590591403e-16,11.897166757360537
207,4.250949502637002e-05,1.6197222594966278,6.996872378395731e-17,12.182256646639871
208,7.488654869603242e-05,1.5818205925717093,5.425019894114513e-16,11.535747985490161
209,5.5518817912066695e-05,1.5995818129141874,1.8108808922990107e-16,11.87177823306547
210,5.519459770934388e-05,1.6010164774554805,1.8123892034572663e-16,11.87433620828142
211,4.1245041856668456e-05,1.620095027899282,1.4885723526639046e-16,11.936160832171936
212,5.509474991986893e-05,1.5998043558581647,2.4630506869112426e-16,11.774984936935198
213,5.2988974534101225e-05,1.6032685243097633,1.8392908885182913e-16,11.869416707257187
214,6.488335607380225e-05,1.5895114393065441,3.2769147855583864e-16,11.686832063862312
215,2.454442002075812e-05,1.6528997889122772,1.523257280024304e-17,12.641945197465247
216,7.374239852600048e-05,1.5808916064621792,5.584866539084806e-16,11.518089882396453
217,4.6191615246057936e-05,1.6128704422777345,1.0315459703985055e-16,12.051689474840714
218,4.594351530702927e-05,1.610799166145472,1.4210440699093926e-16,11.942145331613574
219,4.16232540662957e-05,1.6178366290388326,7.224876798178481e-17,12.156607046961653
220,9.502901605713785e-05,1.5644130759147628,1.3382220922969848e-15,11.24355995677297
221,5.7762507487202964e-05,1.5973980379480552,1.8552167413921953e-16,11.864570094488954
222,2.933970702827052e-05,1.6416631667046988,2.1614758978838057e-17,12.534229016075187
223,5.646696046223215e-05,1.599664719612377,1.7164189684670976e-16,11.890875456449521
224,2.2051844865259956e-05,1.6587295244693014,2.253791734492436e-17,12.514694387204145
225,3.793115280422121e-05,1.6255190602098324,6.564882137893714e-17,12.190326475673373
226,3.8329365955072274e-05,1.6257375962228309,8.231483648788709e-17,12.129806035891761
227,4.70576385101235e-05,1.6097119419133195,1.0936392992154825e-16,12.026145648948841
228,3.99875843209699e-05,1.621520872123268,8.307967173387348e-17,12.116016721741289
229,6.307186655636592e-05,1.591999799482881,3.338750956135065e-16,11.68286063793039
230,8.098845857613706e-05,1.5771104814058035,6.486293134760362e-16,11.481531648871623
231,3.9899079901897516e-05,1.6232153687757922,7.254684263638998e-17,12.168057132586
232,5.9495144540027386e-05,1.5952178986535728,3.1145711371925105e-16,11.700658387713702
233,5.372968737410976e-05,1.6012934627169113,1.9431659915286425e-16,11.847435277215482
234,4.861279846845538e-05,1.609281451314195,2.297565062487621e-16,11.802433188393024
235,8.794761295898327e-05,1.5705323434849285,9.410109788771132e-16,11.358829476663232
236,4.738452164635089e-05,1.6113776967051354,1.8321870585841803e-16,11.874651238480055
237,5.102443424360947e-05,1.6064231367222461,1.4063614446193766e-16,11.954460352791102
238,2.7301236929319654e-05,1.647086446300819,1.4213196640223678e-17,12.666668667239719
239,5.20980357073043e-05,1.604443310439912,1.3380437896573098e-16,11.966489395411372
240,5.425737190196254e-05,1.6024757095717628,1.4465259405546607e-16,11.945270832715323
241,6.427856568514166e-05,1.5918366043021983,2.76581083591724e-16,11.744430199833005
242,5.716100488148073e-05,1.59884075697807,2.8862911451268076e-16,11.733163230494938
243,4.642296153591013e-05,1.612508064512063,1.3382078307527707e-16,11.96989661509815
244,6.886226084717148e-05,1.5859353126417044,6.618557586242721e-16,11.469666289703582
245,4.401713997817626e-05,1.6144948785165325,7.866492629555723e-17,12.12981579299094
246,4.608103389937072e-05,1.6119921984705423,8.705934290535663e-17,12.09875580958942
247,5.809791451994001e-05,1.599007960808207,4.0345747471491604e-16,11.63510061593206
248,4.421412582023128e-05,1.615518519062395,7.55620074401698e-17,12.146224168027857
249,0.00011817345867367589,1.5545532088222964,2.121176435003515e-15,11.118637845253033
250,6.160914317756002e-05,1.5946831264873114,2.448947278822055e-16,11.786562339499142
251,4.228640834236503e-05,1.6185395521052897,7.578839909045501e-17,12.145781498645192
252,3.971066130638405e-05,1.6229837346909368,9.349985834016814e-17,12.08757318800508
253,5.958835828798243e-05,1.595163783792419,2.7083104439803194e-16,11.746510188258071
254,5.840759933854858e-05,1.596769772551581,2.0666757907681354e-16,11.832274035231421
255,5.5528118976179035e-05,1.6004859942222294,2.2677468059055353e-16,11.804839113628987
256,6.859293306502323e-05,1.5876160667497539,3.7315212667234254e-16,11.654731542341779
257,4.3749959324185503e-05,1.6158240527182348,9.182121390930513e-17,12.084778447551798
258,5.8645862005080724e-05,1.5954747597121623,2.500544629268523e-16,11.768855181449226
259,4.8818217657096894e-05,1.6090548907545732,1.4906566543985148e-16,11.937647096099681
260,5.2422123020076785e-05,1.6040242396480704,1.181371851226359e-16,12.006203485452716
261,4.544510929788278e-05,1.6138760909532501,9.65832895193059e-17,12.07170373860481
262,6.52249921097291e-05,1.590057986919491,3.47472501538501e-16,11.670916372628653
263,3.4883730091723065e-05,1.630835208890078,3.536254309985779e-17,12.384790523874472
264,4.141847372851216e-05,1.6197916971508075,7.506826001507899e-17,12.149624207260786
265,5.5659332157940276e-05,1.600353651522077,2.267354701753366e-16,11.804910512112656
266,7.873348404505223e-05,1.57644871309346,6.620714450591784e-16,11.46103077751286
267,3.9441767747680525e-05,1.623400192592427,5.769765416727992e-17,12.233718922682783
268,4.987353510974771e-05,1.6070348509363037,1.1670277352720524e-16,12.011176074806826
269,4.657069266908351e-05,1.612397015447368,6.961789796764039e-17,12.173764211859634
270,6.189984550082122e-05,1.5919068961467786,3.912170408697214e-16,11.629413247488628
271,4.0538495479999095e-05,1.6194163851217698,5.3980041471378384e-17,12.245397000214325
272,6.613472236689937e-05,1.5889947409315233,4.616503568768468e-16,11.58435308626349
273,5.06125133033786e-05,1.6060613653650653,1.8451537262908e-16,11.868672926742875
274,3.732745069295079e-05,1.6292912599568778,4.9703089663914394e-17,12.291063218587624
275,3.700642870493173e-05,1.6282298302497156,6.820716342091925e-17,12.18857668745295
276,3.3349957110652284e-05,1.63389587829828,2.4519091655890425e-17,12.498820458959926
277,3.496735182377855e-05,1.6309888464161224,5.087279857094153e-17,12.270465665113989
278,7.621963996344504e-05,1.5806601041677086,4.950447032616638e-16,11.562302158617968
279,7.942158458061057e-05,1.5776213473445968,8.663311992429236e-16,11.386223321432226
280,4.627432711861347e-05,1.6129939304771816,1.9744140770767377e-16,11.853745858897128
281,3.4938480467836886e-05,1.6296374560594342,5.113301101045728e-17,12.264606121289944
282,7.564798430967792e-05,1.5815871826657935,4.578533273910517e-16,11.591625284195288
283,6.514859874296659e-05,1.590147143723616,2.7137448824755846e-16,11.749773455650029
284,4.240916884852862e-05,1.6178337033392742,9.284859769762055e-17,12.08081011406648
285,4.881105826676332e-05,1.6095144790329659,2.5069319022137715e-16,11.77912118144468
286,8.467866813159606e-05,1.5737433076287686,1.0039502934352445e-15,11.341381052570796
287,4.37927090341314e-05,1.6169441029608123,9.15083516649991e-17,12.09212593902248
288,3.7478553502964995e-05,1.6253995870076439,4.623179907683186e-17,12.296654238489282
289,4.6079749258832024e-05,1.6125025388912202,1.3484337710498263e-16,11.967268329264698
290,3.8818420695072325e-05,1.6247094303948955,8.520596598682407e-17,12.11400444535002
291,4.1945907295216576e-05,1.6168517965580618,1.0971711589205361e-16,12.024939634036855
292,2.470329627812726e-05,1.6534490050378339,1.0293505335534984e-17,12.766759422926953
293,5.323724309840594e-05,1.6044107981227684,2.139984698532951e-16,11.829056735480663
294,4.165537367432814e-05,1.6191046859354112,7.956154260207861e-17,12.129861010635523
295,4.777817909326962e-05,1.6100425766870157,1.0099425366476035e-16,12.055034502572198
296,4.0927519859628764e-05,1.620932872356594,5.870329404834035e-17,12.22685887785201
297,4.8184675421707744e-05,1.6086830149672973,1.5351903612269183e-16,11.922559734115566
298,6.094685614097044e-05,1.5951352929313964,3.3530039106690915e-16,11.687696908238195
299,3.2700284505002756e-05,1.632365010202275,2.118237295398637e-17,12.52930798268153
300,2.826641412500606e-05,1.644179101554337,2.2660580245123755e-17,12.519891259801625
301,6.201431493410549e-05,1.5933114092439948,2.7448134052924947e-16,11.74673389905729
302,4.2596823433958636e-05,1.6183033702445861,7.232681564028508e-17,12.161496703196462
303,3.4406897617963725e-05,1.6313130863269019,6.688626928197826e-17,12.18362443317983
304,8.482332370574653e-05,1.5744392175251258,8.900576237738192e-16,11.385158648165088
305,7.14521045253969e-05,1.5859336334687835,4.025401414206259e-16,11.636242942869103
306,5.886925681731955e-05,1.5979508525572381,2.407500407781423e-16,11.792220750534852
307,9.100686072375131e-05,1.5684574598208751,1.128548693849286e-15,11.30365918586267
308,5.010110630421139e-05,1.6058696415755425,1.1823931248590937e-16,12.00224848891412
309,3.578980389156716e-05,1.6298773650464036,3.41128890684178e-17,12.398859723313763
310,7.198981482191805e-05,1.5826432077717902,5.102495446357501e-16,11.547966670892265
311,5.131493116749842e-05,1.6057980210509533,1.3121285355201252e-16,11.976397880122931
312,5.763314783069649e-05,1.5982943175962119,1.8081898534880331e-16,11.878216536735636
313,5.9722662515913544e-05,1.5959536836146058,2.1453951867163332e-16,11.822005959384114
314,4.66648541013383e-05,1.61263912688328,1.8604609265007704e-16,11.874357030608735
315,5.5984093068326806e-05,1.5993210227339032,1.7130883506287764e-16,11.888603028508896
316,2.4568659423982225e-05,1.653791757937903,1.5039680562335345e-17,12.65037624850629
317,7.489171410078343e-05,1.5818111423135348,4.408351866417573e-16,11.601773811171824
318,4.984471295924807e-05,1.607532809679866,2.2178006460376208e-16,11.81310936943919
319,6.448606861867414e-05,1.589095820070537,4.3705889065440326e-16,11.592416548409346
320,5.095952603831736e-05,1.6057558548756798,1.0615364364378537e-16,12.039858338166141
321,4.995610301532554e-05,1.6060546036048826,1.7051235401139185e-16,11.89067384393229
322,0.0001054792190746875,1.5604068999090939,2.0223588129034797e-15,11.12887001265608
323,3.686276525207537e-05,1.6275078856763154,5.2210260810457684e-17,12.262424225839368
324,3.5491855362100495e-05,1.6297472308449832,4.948575433147369e-17,12.278863470519354
325,6.135751681721802e-05,1.594350145450663,4.02756815268192e-16,11.630159298100807
326,6.454270626291427e-05,1.5922129199896073,4.2159387351676214e-16,11.620516502390274
327,4.0727575049122095e-05,1.621248140094841,5.597428676777944e-17,12.243312153459101
328,5.334617514611525e-05,1.6019193920448014,1.1567270929349087e-16,12.007776658471812
329,5.834424856967181e-05,1.597726161691163,2.0608961618542546e-16,11.83853940539666
330,4.231692464203357e-05,1.6180762078954352,9.018892366250579e-17,12.089697580303891
331,9.578618981939595e-05,1.566693913122632,2.3334482477415595e-15,11.0845396002278
332,6.520230200059425e-05,1.5900949698057945,3.4371803693330397e-16,11.674039160329357
333,3.9782865959672275e-05,1.6219237871179646,5.573153396322606e-17,12.23902785834025
334,5.387053248224487e-05,1.6023123738121694,1.703198679262539e-16,11.893202882992227
335,8.758400426154748e-05,1.571919837940123,4.139003704402838e-16,11.617455247384896
336,4.213055675483864e-05,1.6183680882983391,8.310218967301535e-17,12.115927572533565
337,3.0129916139978515e-05,1.6389405206497472,3.474760392583489e-17,12.381908874467626
338,6.342462504271489e-05,1.5916800676217535,3.0663637345287313e-16,11.708856101555739
339,3.217343847390847e-05,1.6357289136758306,2.941498064270066e-17,12.436736155835206
340,3.573445372017366e-05,1.6297387696597434,3.8439289348029475e-17,12.35952873289807
341,6.589710386794203e-05,1.5888953139158593,5.827759395247301e-16,11.50896799108341
342,6.112654155162975e-05,1.5936072412278512,4.292136569348989e-16,11.60660562934072
343,6.183520870386618e-05,1.5935123331914092,2.7452097227993448e-16,11.745679029090752
344,7.093617866564891e-05,1.5862027357930961,3.676672703523852e-16,11.661721368839153
345,4.547624620404483e-05,1.6124566474093607,1.3255708846998424e-16,11.969202781588592
346,4.919870423426228e-05,1.6078400376736486,1.3417954109201222e-16,11.965957862873438
347,5.924575814320267e-05,1.5954996362341776,2.8775418687588035e-16,11.728140832628924
348,5.4400450963177995e-05,1.6031254592059352,2.2480299552915915e-16,11.813024765558112
349,4.708101271552127e-05,1.6108431588538366,9.638068699967068e-17,12.069506077918959
350,6.627429170244418e-05,1.5890822097690993,3.8853076423440816e-16,11.637051056516611
351,0.00011184362389140178,1.5556100622671214,2.608337889485302e-15,11.04255124001429
352,5.628461303504104e-05,1.5998604606388505,1.4383203554893452e-16,11.944550861815515
353,5.7628276483390515e-05,1.5976492743484239,2.478028145854017e-16,11.777243288531281
354,2.6971466903476985e-05,1.6461773104652204,2.3630709027833258e-17,12.503402568311685
355,9.269738975807045e-05,1.5668483014285577,1.105676896059203e-15,11.30826308264841
356,5.6289357192502866e-05,1.5989641449270449,1.8345081468230735e-16,11.868013324704407
357,2.7614708654612066e-05,1.6458725266875969,2.2219880342420188e-17,12.52696560864024
358,5.7410084117138704e-05,1.5977973435374062,2.0691807796889975e-16,11.831964280188913
359,8.212684557508615e-05,1.576749141134055,6.781827602106021e-16,11.471104176645667
360,4.822725284681584e-05,1.609781936430215,8.789789281639589e-17,12.097952169322525
361,4.1815369960522706e-05,1.6188367032646935,9.821090833370903e-17,12.06428411903562
362,6.262119309973317e-05,1.5939025767313963,3.4362590932752874e-16,11.682075481168795
363,5.000441589850677e-05,1.6060897125257194,1.4507822123751638e-16,11.940392431454256
364,3.2604775414073684e-05,1.635387376827155,2.5484032703063377e-17,12.48552342545463
365,3.389955848100794e-05,1.6322936708587172,3.875975298324267e-17,12.352909606445792
366,4.033647257144142e-05,1.6215971036637509,7.516552512683049e-17,12.14923863076956
367,4.565770759014495e-05,1.6134960356206562,1.6072542254690585e-16,11.912962858924402
368,7.963503646403536e-05,1.5778096276074316,6.28500422130515e-16,11.490756385714576
369,8.235957047462955e-05,1.5754946544641029,5.89863629545748e-16,11.506403273890783
370,4.014681105524594e-05,1.6217738895981368,5.54416150591284e-17,12.243528711821455
371,7.011284273080736e-05,1.5841110384164845,4.783119361724808e-16,11.566205884658302
372,5.97552555084223e-05,1.5949868641982088,3.2917271025206683e-16,11.687297306662003
373,5.098055516781458e-05,1.606183956193462,1.3765487170315123e-16,11.959797803854599
374,5.770633891300746e-05,1.5972935991045178,1.698269561589579e-16,11.891240313007984
375,2.2011323547696132e-05,1.6602931374582066,9.706131473246786e-18,12.78088867464703
376,5.952345018233508e-05,1.595180525622212,3.75964520480091e-16,11.642523319934753
377,3.185776520953719e-05,1.636627834603249,3.398971703284906e-17,12.39687087193488
378,7.985936716150614e-05,1.5781641285329433,5.566377189279391e-16,11.531206990185638
379,4.859608933923193e-05,1.608158384536389,1.382352658575784e-16,11.955988909860025
380,5.969879682857139e-05,1.5968126067621997,3.8683705429110073e-16,11.643830724253348
381,8.91111474656952e-05,1.57153277469031,8.606379187590459e-16,11.397144497981571
382,3.98273992717084e-05,1.6233046638078223,7.258580780881315e-17,12.167844453627367
383,6.027132179810086e-05,1.5944036109100062,2.616590300610855e-16,11.755950528407539
384,6.22066231890319e-05,1.5938367117824743,2.911298489175302e-16,11.728435999112662
385,4.5123291161608375e-05,1.6146518606924636,1.0045398661332399e-16,12.061249482015228
386,5.403830519836184e-05,1.6021530018837082,2.2167726205531074e-16,11.811037974004648
387,6.0014001878618895e-05,1.5970883160475204,2.232165569222565e-16,11.817515650106543
388,4.146991874522128e-05,1.6180526621374518,8.119054388855041e-17,12.119716931241783
389,6.534768696129095e-05,1.5899439775447963,3.5525638923238084e-16,11.664186271658764
390,2.6744839668825406e-05,1.6482008701571351,1.0572240504813302e-17,12.757314224310448
391,4.6110087836840446e-05,1.61336048574923,1.6582633685085025e-16,11.905476550367894
392,3.4685984483156025e-05,1.6315161938553993,3.582353363996448e-17,12.380947517949608
393,6.484265201292183e-05,1.5895542207557143,3.036454091761553e-16,11.711479361144939
394,2.623398217713619e-05,1.649286096920745,1.2620707217215897e-17,12.70351588702988
395,4.825897786548773e-05,1.606689570389758,1.4389198901550997e-16,11.932216499516471
396,7.707026422060398e-05,1.580240648561848,4.2861300773460435e-16,11.610482584592319
397,8.230636500766868e-05,1.5755483469099028,4.695417362988199e-16,11.579179971175108
398,4.648605703668665e-05,1.6124942548085426,1.6600902611186642e-16,11.905081115856774
399,3.324454832765725e-05,1.6334777949862307,5.480297292942736e-17,12.245112587089352
400,8.49723320802572e-05,1.573669641803617,6.858795722952728e-16,11.460607379697649
401,6.90323887755523e-05,1.5876379335105235,3.9955028438758125e-16,11.634013598802994
402,5.4110126158933074e-05,1.604261613082994,3.4759716950231045e-16,11.684712210181715
403,3.0307709126037763e-05,1.6389620233477422,3.4256448634293765e-17,12.388445244932882
404,3.78235935755864e-05,1.6248896703083717,6.477866502708107e-17,12.19398038028794
405,4.0612026071600604e-05,1.6216798066134595,7.617011715356342e-17,12.152098335910523
406,4.9149794841036495e-05,1.6086478100686343,1.4725985563169073e-16,11.941374894200635
407,6.277705801465334e-05,1.5923894253748403,3.4557654522663054e-16,11.672594430367099
408,6.744480389392169e-05,1.5860232993587609,4.3133781391090255e-16,11.595840216884426
409,4.495261731469732e-05,1.6141463074334386,1.4338765466827028e-16,11.94798327162016
410,3.054453584805467e-05,1.6394694604508369,2.565866758308034e-17,12.483442203424147
411,6.491076853352081e-05,1.5900101527644237,3.0007774984654155e-16,11.715143957799683
412,6.308171252582799e-05,1.5913929583813569,3.3884942521614126e-16,11.675965689863006
413,3.9817284956539615e-05,1.620793053633451,6.599031490550225e-17,12.1844068304772
414,3.590034450511001e-05,1.6294008567420475,5.2633309629066096e-17,12.261989225183243
415,5.869589861956774e-05,1.5972842429316845,2.685454496819877e-16,11.757383652680119
416,4.544915456754388e-05,1.6138700845184575,1.0105682712272955e-16,12.057512193951425
417,5.168066760075554e-05,1.6048162372669659,1.867261425147551e-16,11.864829785909933
418,6.900817556842697e-05,1.5876600257774247,4.296782259034616e-16,11.611995323803512
419,2.913896583760293e-05,1.6420502772118033,2.6942354243988435e-17,12.466882516984697
420,4.171557948876798e-05,1.6198655384960583,1.4755900795675193e-16,11.943346911698882
421,5.4308366804453994e-05,1.6018089471256638,1.8064715611157008e-16,11.874659693939066
422,4.653167425283657e-05,1.6123615623189542,2.1355923666405657e-16,11.828052381575617
423,4.994033495601401e-05,1.6056447854096147,1.433013676224021e-16,11.940098349135951
424,7.776447598342251e-05,1.5808048306704545,4.648716504642819e-16,11.591816461521375
425,3.6186610335855724e-05,1.6283516825675897,6.962339996709511e-17,12.171844309132211
426,4.673503809360605e-05,1.6125555114864674,1.8869113168210242e-16,11.870019763133769
427,7.115054794846629e-05,1.585301903716984,4.565065816944537e-16,11.592525848908735
428,7.200373857511052e-05,1.582638122583512,5.323339326876058e-16,11.535753821515755
429,5.648943327297904e-05,1.5988663313894267,1.6117937245861175e-16,11.908491967947157
430,5.882776544522443e-05,1.5980020328128843,2.681003840075393e-16,11.759065026188637
431,4.009843266860155e-05,1.6217235101424048,6.911395439733308e-17,12.174747506142921
432,3.548426241716313e-05,1.6272157120330915,5.335943365643868e-17,12.244844097790065
433,3.233794791085574e-05,1.6353848646614733,2.916824190906356e-17,12.442697696014875
434,5.664469416172336e-05,1.599629554065376,1.3553991221860313e-16,11.966000932093266
435,4.196276600862946e-05,1.6172432584788152,6.29164055931177e-17,12.197393131224544
436,8.521230284930557e-05,1.5735444261397629,8.051611483071398e-16,11.415595818219117
437,4.181204591722649e-05,1.6167834854362975,5.0190801754791945e-17,12.262440012091247
438,3.875292514498624e-05,1.623405132727373,7.364632515787244e-17,12.151655261622182
439,6.77148384125007e-05,1.5877628901209857,4.0283578055118636e-16,11.626066182013346
440,7.710322545137439e-05,1.5793208055186738,7.181885202964038e-16,11.444914342745506
441,7.032439027009445e-05,1.5854049569676607,7.934094260465446e-16,11.414167280235233
442,9.179061706898699e-05,1.5691796508029188,8.718550966450927e-16,11.389939898089324
443,5.8136228099522845e-05,1.598515972599306,4.152157896555914e-16,11.62321804990188
444,3.0104358557135106e-05,1.6386725510217734,3.181260912305221e-17,12.410102561009808
445,3.907876048134409e-05,1.6234479722001482,4.620152008496648e-17,12.29951400511436
446,2.6527087400516426e-05,1.6479329617819642,1.703893769005777e-17,12.607626185938898
447,6.48275015350221e-05,1.5895688231774323,4.112426332954663e-16,11.615868559297269
448,6.913119085233303e-05,1.5875556667250617,3.6638457683145775e-16,11.660854827150615
449,3.785968253107529e-05,1.626361316481853,3.7618951327822496e-17,12.368965123479029
450,4.781998788145867e-05,1.6106350953549042,1.8801671427449655e-16,11.866408049488655
451,4.971633061862843e-05,1.6079879826482402,1.3272797871922502e-16,11.972436474147798
452,5.407291440792074e-05,1.6013351052459366,1.844012370940343e-16,11.865134645662692
453,4.22634631948915e-05,1.6168268212329817,9.059408117542208e-17,12.084786211666142
454,5.209153862777357e-05,1.604286548263255,1.6965632934904132e-16,11.894476961161672
455,6.792414398197983e-05,1.586551688199009,7.788253772350467e-16,11.416656373897695
456,3.2389103954573524e-05,1.6336926563119978,2.977886111327973e-17,12.428636088365693
457,3.077053855245677e-05,1.6381695253565776,3.173853825309147e-17,12.413493380725413
458,6.381473315983113e-05,1.591233186532574,2.2047646383657197e-16,11.8119965813421
459,5.8859602388726296e-05,1.596132524126365,2.581851186263943e-16,11.761066737174588
460,5.6328693736054625e-05,1.599012064180474,1.5726954063924478e-16,11.915862807224585
461,5.6781136525496424e-05,1.5993460042541645,1.4732344312100668e-16,11.940242717460023
462,6.130450102531853e-05,1.5940180544273799,2.587092849333422e-16,11.763835364151873
463,5.113036643712345e-05,1.607748611618739,1.435124043692558e-16,11.957579998199435
464,5.6323184418068716e-05,1.5990261853096825,2.4971292688068585e-16,11.774387101426328
465,3.108539302303853e-05,1.6398544887650326,2.2385153772669202e-17,12.532006387345518
466,6.39315732492007e-05,1.5922254873507047,4.626891974702238e-16,11.588466340579998
467,0.00010018519966119586,1.5637389009041485,9.731035194481345e-16,11.35275525776433
468,0.00011230642812161633,1.5567830908177158,2.06775667025157e-15,11.123523964254673
469,4.2399664916180544e-05,1.6171878504630208,7.408884488009826e-17,12.150157914329156
470,5.157040073688203e-05,1.604938202169137,1.2810600027375547e-16,11.97960780660378
471,5.368092213953466e-05,1.601577002016617,1.6768203844249881e-16,11.895124166654568
472,4.406507274419044e-05,1.6144145510126848,1.0328590127076363e-16,12.046240110122199
473,5.51332030109141e-05,1.5997599994432998,1.676356114314318e-16,11.89515766202203
474,2.8629693168654288e-05,1.643219217660232,1.568476854442746e-17,12.632774423839692
475,8.122331462864858e-05,1.576229504270869,7.164103399223194e-16,11.445669095480298
476,5.131082626935618e-05,1.6049769324158405,1.533374431062316e-16,11.92240941057662
477,5.6030116810768575e-05,1.598546612604031,2.0612128193066535e-16,11.827498808980181
478,4.406228920561254e-05,1.6151596813471059,8.694015417480978e-17,12.101292848919002
479,7.148939686724414e-05,1.5846364518929714,4.564568770028486e-16,11.588145778004218
480,6.436705727606837e-05,1.5910387161077217,3.999010738414125e-16,11.631533343344472
481,7.47792329219571e-05,1.5818805593788934,4.794127947230827e-16,11.573257605281015
482,5.472450339476795e-05,1.6028195881967457,1.9069581794450666e-16,11.866719617746185
483,3.598427852034068e-05,1.6270510935795275,7.74140284124655e-17,12.134771101993465
484,5.1194322526364236e-05,1.6051162233834801,1.4388440407112674e-16,11.942849017687422
485,3.771922222987616e-05,1.6261049512130519,4.664826261440909e-17,12.298552455004028
486,6.359044238241211e-05,1.5908415021760283,2.849036359737879e-16,11.729263734330289
487,6.252152711302095e-05,1.5935365491064128,3.3393587558232776e-16,11.686738744273498
488,5.630868862494432e-05,1.598939776653255,1.6192482919407038e-16,11.90700113986486
489,3.2247902689719805e-05,1.636370039885328,2.7108021516079425e-17,12.468623017416576
490,5.243935263982343e-05,1.602723746278931,1.9122438749940515e-16,11.851784784059419
491,6.080532393837583e-05,1.5952872212878275,3.172044910440975e-16,11.70423402596407
492,2.7769511774867708e-05,1.6458008176204015,2.243440432681695e-17,12.527236135875683
493,5.960246300400007e-05,1.5951433622886304,3.207857673426372e-16,11.69499315934263
494,5.096773224572712e-05,1.605734328167714,1.53343869141143e-16,11.925076857000022
495,5.200493086278316e-05,1.6043820474804178,1.6987870930469336e-16,11.89398214564153
496,5.0318877824262114e-05,1.607139219898744,1.358223376265075e-16,11.963933369143888
497,6.638176129586065e-05,1.5901126023707848,3.4185538015368735e-16,11.683664854293056
498,5.3268273205607855e-05,1.6017787717316956,1.7145155154212288e-16,11.88502264411909
499,3.0896848186620206e-05,1.6388893892140028,1.8802345700833675e-17,12.58018374480207
500,4.950887803575738e-05,1.608224665311008,1.8342354176736524e-16,11.87426882577256
501,4.4520906487438797e-05,1.6157072253375109,2.299367185112045e-16,11.80575698585153
502,3.653657071571076e-05,1.6272344175650675,7.084764081587636e-17,12.16359252896109
503,4.573388347648769e-05,1.6120852258338927,1.0083729928596257e-16,12.053035916423596
504,6.47105695681788e-05,1.590398366572747,3.414242963218042e-16,11.676114848802172
505,4.30526587039444e-05,1.6156547741047904,9.019560639750939e-17,12.085569686525105
506,5.633036249543175e-05,1.59981526890737,1.1869080469634763e-16,12.006561972322743
507,4.397117413289946e-05,1.6152988845466987,9.665102509075552e-17,12.0686542114845
508,4.335515453360919e-05,1.6170566104842399,7.038120677218034e-17,12.170838425792681
509,6.300935745740776e-05,1.593019643086883,2.9010763599017547e-16,11.731626923667136
510,5.303611214308494e-05,1.6046304700019116,2.363169705062887e-16,11.798071594021394
511,3.231165387926056e-05,1.6357761451719943,2.5900326274307136e-17,12.480456164673797
512,2.8218692801302068e-05,1.6448335391236866,1.6725896781022374e-17,12.618065498914802
513,5.964819813932905e-05,1.5951048299613506,5.16678361469633e-16,11.545069272035107
514,3.6230700045439054e-05,1.628281436266393,5.0375967291602107e-17,12.271742284478478
515,4.4180182010862295e-05,1.6159168771292725,9.023549071494686e-17,12.093806725340983
516,6.195972264908052e-05,1.5933881355615924,2.8162760734310044e-16,11.737463872650551
517,2.773743422616325e-05,1.6436398680371564,2.823209268025103e-17,12.445857196805719
518,9.200633031065254e-05,1.5690296364708203,9.429690485558138e-16,11.364549592011599
519,3.753035164548222e-05,1.6261823322309064,4.111136977619556e-17,12.337600524803293
520,6.90691430747193e-05,1.586470676076242,4.631816641859235e-16,11.584669300905261
521,3.481935285392313e-05,1.6312612385265792,3.260673254558442e-17,12.410594693883013
522,5.093153494834731e-05,1.6063921976610471,1.166228279472117e-16,12.012118220579396
523,9.261352815754557e-05,1.5697388224905597,1.3103852485463266e-15,11.26925414129255
524,5.5678508754199736e-05,1.6001063965349716,2.49813311644189e-16,11.774801892226606
525,5.567258104447681e-05,1.6009224937375521,1.6882091492129807e-16,11.899898365276385
526,7.644632778398425e-05,1.579891415450213,3.9101549085927415e-16,11.632826647907223
527,3.50785897181112e-05,1.628871810751677,6.452079466767738e-17,12.19173858905333
528,4.5692669246488226e-05,1.6121390223326797,9.506174447527131e-17,12.070660221701019
529,4.612160154260369e-05,1.612750558113316,1.0540247294078707e-16,12.042853437917074
530,2.8508331708116553e-05,1.643592060318127,1.874452951214165e-17,12.578780550902593
531,5.6191634940872724e-05,1.5990618449847103,1.774746525233132e-16,11.877451224323067
532,4.4770656647738964e-05,1.6142186991655505,9.643338927645587e-17,12.069710270826818
533,5.180504033702914e-05,1.604094004813729,1.3637947500404141e-16,11.96014675484912
534,4.50693673178575e-05,1.611947449637657,1.1183496213876857e-16,12.01732687315598
535,3.327694832156585e-05,1.63340995123681,5.490825959727553e-17,12.24453041041943
536,4.089926173066793e-05,1.6201874211340588,9.595525609384277e-17,12.070903757690303
537,5.3040296344703693e-05,1.6019880814838903,1.5849699088351853e-16,11.90887980853904
538,4.405629286985245e-05,1.6151831430100083,7.966832034921999e-17,12.12939053451555
539,5.1034980238261885e-05,1.605367942166716,1.4131846432614424e-16,11.949091776545629
540,3.048970985403399e-05,1.639582068029884,2.7243160841175e-17,12.467071591364402
541,5.9728039156134255e-05,1.5963356531550696,3.108542906461503e-16,11.708103660355846
542,4.610338553763202e-05,1.612467031075242,9.96606642142435e-17,12.059842972234947
543,5.0513966257677104e-05,1.6061779601734534,1.2520470083656545e-16,11.987195093924583
544,3.5906513137234464e-05,1.62882563537373,6.952828038333218e-17,12.17226655657214
545,7.548521333425633e-05,1.5812537189319702,5.678423279560745e-16,11.519998657912765
546,4.729430114425877e-05,1.6101873912499545,1.1519746921219793e-16,12.01184464004291
547,7.054323586065962e-05,1.5861886540239405,4.901306849520112e-16,11.56976412972881
548,5.671120708961479e-05,1.5986099859654679,1.88951159249931e-16,11.860061559178575
549,4.698380949813424e-05,1.6114040272986356,1.1765963287659297e-16,12.009171366260489
550,3.1600022896285944e-05,1.6371583653648434,3.551345647371828e-17,12.383543146657303
551,6.140710168522319e-05,1.5939165257537609,2.4732259118499e-16,11.777879422878868
552,4.699404496241205e-05,1.612670226254906,2.1830584893936705e-16,11.825791992135237
553,3.8865377712535594e-05,1.6236043253976704,7.510952550780722e-17,12.147959731319133
554,5.406341399966105e-05,1.6029848397597048,1.7166643827775272e-16,11.894007347186289
555,9.135485726894613e-05,1.5684012919907464,1.2663398351523085e-15,11.269061401859972
556,7.957492154712083e-05,1.575748728825018,7.063165116310874e-16,11.444302889881328
557,5.491443802797798e-05,1.601209502192928,1.1645809030347023e-16,12.010682246599117
558,5.979079657058701e-05,1.59493545748943,2.289238082016129e-16,11.797345536767352
559,6.724645196282512e-05,1.588274998166087,4.913607784573946e-16,11.565839477230838
560,2.5922885866324933e-05,1.650284869519434,1.5151297851258666e-17,12.646373895730903
561,8.235467499924014e-05,1.5762836051354556,5.759160707187586e-16,11.520701461244244
562,4.850001231555776e-05,1.609444184008635,1.4837791873032296e-16,11.938012835324116
563,3.592278727290029e-05,1.6295476060750322,8.319972765409806e-17,12.123064392947981
564,8.501281856613742e-05,1.5756000831671984,8.62103332472273e-16,11.400861941095172
565,7.207710538374082e-05,1.5860854236792006,5.681764697639337e-16,11.530870921531914
566,5.368597756931426e-05,1.603917960960022,1.8871038500008228e-16,11.869938960955551
567,7.842084626479129e-05,1.580768433144198,5.738974580749298e-16,11.528616173403861
568,4.851171888528211e-05,1.6066942270744606,1.7794890939936324e-16,11.869482086965945
569,5.087810992795698e-05,1.6058430743149237,1.333183729389818e-16,11.967536675132578
570,3.781086934490609e-05,1.6248874225512095,7.085050382882946e-17,12.164461313813945
571,4.694387523768277e-05,1.6117997474487988,1.3475620500637307e-16,11.968311997211458
572,3.7643352000785106e-05,1.6259765605115835,6.428532742645453e-17,12.196851757764307
573,6.62017758696142e-05,1.5889596362917193,3.95331288276155e-16,11.631717176680468
574,4.505786548335126e-05,1.6127031862395607,1.0947362691348905e-16,12.026862094438457
575,6.846505944000511e-05,1.5863128981905206,4.455661744075275e-16,11.591468219703984
576,7.396136643379638e-05,1.5801827132767172,6.135993749439854e-16,11.484200184956535
577,3.3249573999158595e-05,1.6334740534088825,3.7995870565173145e-17,12.358242442015126
578,4.376512248095006e-05,1.6160513225080835,9.835531072501188e-17,12.063851872710984
579,4.34543342413765e-05,1.615253669759538,7.923899747698701e-17,12.127521366266137
580,7.371644381710248e-05,1.5826442199154722,6.355960259516589e-16,11.487358248191413
581,2.448899017452091e-05,1.6528840654294428,1.523864804036824e-17,12.638452817000143
582,5.714265278367741e-05,1.5989883065454764,2.7973092228676685e-16,11.742711789534951
583,4.929709423305916e-05,1.6093694244940708,1.405341421208509e-16,11.959334000825038
584,3.646683642706498e-05,1.624985319102546,4.543143753189532e-17,12.291960934549024
585,5.689492059944343e-05,1.5989849769448254,2.139028407761373e-16,11.822813979838884
586,3.415480118951455e-05,1.628589796358347,4.7160354572353446e-17,12.277422360740275
587,3.4273043472455143e-05,1.6318894756887237,3.17075503548861e-17,12.417961128547176
588,4.012827438108706e-05,1.622980843788689,5.90094145590146e-17,12.231190187407265
589,6.862781413062012e-05,1.586176929400338,4.240917221955398e-16,11.606997809732547
590,3.764556381629639e-05,1.6251943509144438,4.7951332169855254e-17,12.28562427140696
591,7.63859888242154e-05,1.5799884717838617,6.480044627905819e-16,11.478426270777618
592,5.5413595545147566e-05,1.5998992038300166,1.600796259513506e-16,11.9098435323167
593,5.970992771498563e-05,1.5950121638132715,3.162040230681821e-16,11.699238021692054
594,5.278839288782623e-05,1.6039777874649332,1.8091573899411246e-16,11.876971440884972
595,4.702708146937169e-05,1.612623660061871,2.3967585622502155e-16,11.793650585277646
596,3.707455993950293e-05,1.6260831034809893,5.618515120460684e-17,12.236105884064273
597,3.865035797958631e-05,1.6243883475283472,4.4379382855689986e-17,12.313622686385315
598,3.9007387805573835e-05,1.6215625328791146,8.322975540498409e-17,12.110486438496991
599,3.644267004051875e-05,1.627927930204513,6.612608485517518e-17,12.186677023965785
600,5.244530522210577e-05,1.6044901317262186,2.096748842101292e-16,11.830567237715513
601,6.499993093319471e-05,1.5918032664545647,4.070765526885823e-16,11.632405418892176
602,3.492854173490152e-05,1.6291475501021822,6.277718052927222e-17,12.20005697463148
603,5.679462715888025e-05,1.5984352267998667,1.9621595896723343e-16,11.848078947298745
604,4.500857412170413e-05,1.6130481834920098,9.976086968567001e-17,12.055815106564296
605,4.043596146867805e-05,1.6219287713838,1.0612755416559297e-16,12.047166256945275
606,7.904119389752067e-05,1.5764951917455756,8.083319206055922e-16,11.40448864226164
607,2.857787989524828e-05,1.6437077719702986,1.8074677537015618e-17,12.589941729987913
608,4.591285723251113e-05,1.6118147707585653,8.687724304056127e-17,12.099336190352005
609,6.782718469138118e-05,1.5876160299969202,3.5554687741516486e-16,11.663935954882163
610,4.265559964913155e-05,1.6176839064787776,9.835570564212992e-17,12.063796059259857
611,3.758749971948018e-05,1.6266380204567716,4.8821662849367e-17,12.286985674202697
612,4.5712569800997725e-05,1.6114995167261563,1.471015136470992e-16,11.935015533111255
613,4.442457169808232e-05,1.615602623275216,1.0591852278148248e-16,12.043335557895261
614,5.710031050049246e-05,1.598901171771429,1.633449309174134e-16,11.906252249196314
615,2.482762826949073e-05,1.6512304422319202,1.1953655640914785e-17,12.711686696480683
616,4.439702869712007e-05,1.6135768402197186,1.175569185995644e-16,12.004157330211001
617,8.42344487585357e-05,1.575089702349928,6.470104137012962e-16,11.486048699272487
618,7.56681140599026e-05,1.5805915294362547,6.239708978514398e-16,11.489853081045112
619,5.6245327517870864e-05,1.599901905785666,1.2765790008193743e-16,11.984711412768775
620,6.491206893404023e-05,1.591260184994123,3.477846596841247e-16,11.676068363405193
621,7.249093374069122e-05,1.5829378059325059,5.185454014063151e-16,11.54547402227854
622,3.57208421229888e-05,1.6270225950571056,5.4800507881204385e-17,12.236739797849623
623,5.099846890561141e-05,1.6055354349895363,1.3036547183306382e-16,11.974309897499552
624,4.5963739164700625e-05,1.6106720825556995,1.0541656483855455e-16,12.032848994973392
625,4.9749189749560514e-05,1.6079312014965002,1.1726131034670554e-16,12.010308743307633
626,4.9230156809764495e-05,1.6079044364162267,1.0047623221172546e-16,12.056367960102762
627,3.784765375782858e-05,1.6259027704910638,5.342269276181185e-17,12.257412891653075
628,3.671209431965958e-05,1.6277421989615772,4.643095689291831e-17,12.300407360885401
629,3.7464074185501674e-05,1.6264949160098252,3.8204161928270476e-17,12.361398535138505
630,8.271658198289875e-05,1.5770904167778272,9.59475702911178e-16,11.367189214423888
631,2.094909833900155e-05,1.6616512672360961,6.141427028750297e-18,12.911794631727389
632,4.597222942296099e-05,1.6117730925871978,1.1595889514690364e-16,12.009830715140197
633,4.801926655078724e-05,1.6091238403028292,1.5193734259895887e-16,11.926304755892488
634,8.515903114510162e-05,1.5754149582709507,1.2050321731174379e-15,11.29732043875265
635,4.278808450652106e-05,1.6165422795556375,6.745141126412069e-17,12.17825596092689
636,4.6183264879787065e-05,1.612880679058759,1.2547204800605764e-16,11.993724994017612
637,8.289818049569022e-05,1.5760049954870525,5.594469835394399e-16,11.529500693505724
638,7.222416666028974e-05,1.5820788359500437,5.884254069197542e-16,11.499696692238103
639,7.079006214051278e-05,1.5855477383311234,3.3966752749139664e-16,11.682448114035651
640,2.9640296879167172e-05,1.639987219503197,2.9345988434493016e-17,12.433122516527874
641,3.3216904461817225e-05,1.6317248533847497,3.702365915876156e-17,12.356347346515577
642,2.2320348562804108e-05,1.6572210001305694,1.1568817112305897e-17,12.71819250591534
643,8.585307959244638e-05,1.5730789096242936,8.004841874395627e-16,11.413735449077194
644,4.1237234888737365e-05,1.6200481799114987,7.091891633297007e-17,12.166559782157037
645,5.639179462585214e-05,1.5997418639033365,1.1859113508102231e-16,12.006579618476735
646,5.773261642669248e-05,1.5981811028989068,2.0228331743899975e-16,11.840532391410306
647,5.989008994967681e-05,1.59616782145022,2.7914762559934643e-16,11.744951399132788
648,3.2133784796599837e-05,1.6334127882543474,4.185625450171918e-17,12.318534930144551
649,3.17263509753917e-05,1.6354930268641035,3.602304456351298e-17,12.370923059735105
650,3.8900497451109314e-05,1.6231363453082541,7.731669750229149e-17,12.136885548876307
651,5.0950664257017784e-05,1.6057567298866446,1.0953467781286572e-16,12.030013573561519
652,5.196034805535289e-05,1.6040539360967325,1.528989161619799e-16,11.92431206862102
653,7.328316549211355e-05,1.5841209345732563,4.289909170229316e-16,11.613023250164133
654,5.158900585979415e-05,1.6054751539171244,1.0897766588045669e-16,12.032708884885324
655,2.6834641203097163e-05,1.6484015547867492,2.0576894742213264e-17,12.555368634565639
656,4.6955606590592995e-05,1.611088369373491,1.0411205011777831e-16,12.045274794588295
657,4.9081272803441376e-05,1.6067156095058694,1.5298192254365876e-16,11.919784359240111
658,1.9649029152901106e-05,1.6661820548228168,8.667252211512318e-18,12.809224551921034
659,4.342316106089014e-05,1.6151351340413984,1.3223102643120645e-16,11.967155824565907
660,7.352016874957452e-05,1.5830295328368307,4.696426584477871e-16,11.579126710513037
661,4.514445037567721e-05,1.6128108725008248,1.0684987214787044e-16,12.033446641222781
662,6.311498718845853e-05,1.592913307413411,3.5747408457103743e-16,11.666801126250903
663,5.283390365745769e-05,1.602826549115931,1.0906630597407164e-16,12.026997201679023
664,5.281856864288642e-05,1.6022896682862215,2.1797792579602763e-16,11.811189760968773
665,5.365956160001793e-05,1.6022944718820455,1.6384579859524384e-16,11.903422270985175
666,5.294332213270055e-05,1.6033297985299162,2.106468611509414e-16,11.827244181809874
667,3.5242202688218435e-05,1.6296873882666676,3.5452729593380965e-17,12.379995042184419
668,4.5604029625237816e-05,1.613750851834941,6.717408134179144e-17,12.183108331825679
669,4.136732963768904e-05,1.6187392943339922,8.358966715613693e-17,12.113155266283684
670,2.3425316468473873e-05,1.655056356596749,2.0391379017533044e-17,12.547859220034752
671,6.731838801896492e-05,1.5879685552359621,4.469735396295887e-16,11.591808894731912
672,9.26166589104648e-05,1.5672431936232591,1.4905778382213398e-15,11.217155983616976
673,3.099730572168265e-05,1.635586175075986,2.3605963694231237e-17,12.494483680321537
674,5.666310603510823e-05,1.5986704767015854,1.955172963608099e-16,11.85041569855639
675,5.876163154281561e-05,1.5972054811235454,2.2999256873115214e-16,11.802108367400251
676,4.8242244603224594e-05,1.610309111899295,1.1036409409223411e-16,12.030437245477515
677,7.896549028271951e-05,1.5790511705733223,6.41889909751942e-16,11.488463999497071
678,3.655547325283506e-05,1.6279771014427065,5.2980351912661044e-17,12.258162716286279
679,3.650887101343347e-05,1.6273664458440633,5.670740786050285e-17,12.233301092857346
680,6.20147264074073e-05,1.5933405421155924,3.4378817661443544e-16,11.678579964129767
681,3.6150923820206034e-05,1.6284159972688528,4.554277878728053e-17,12.304049743864198
682,3.4909416789192244e-05,1.6307839656929706,2.397908944336856e-17,12.502742649183347
683,4.898358419984652e-05,1.6107619322955335,1.0096302008623186e-16,12.067670691257263
684,4.754281239769941e-05,1.6111488381352947,1.8608945175518328e-16,11.869902006677876
685,3.607000681570392e-05,1.6287716647175838,4.648037957357076e-17,12.297710653825106
686,5.843779898234266e-05,1.5974685322663313,2.5507360278642786e-16,11.769193486406039
687,4.7923990428054195e-05,1.6107154603117244,1.5587290422671634e-16,11.924176907970377
688,5.7938541647567605e-05,1.5982411154870608,2.0666837776576328e-16,11.838056744506503
689,4.746700324967428e-05,1.6112500504996137,1.212591157344878e-16,12.002640932763825
690,6.322338327721627e-05,1.5910025508122136,3.2516670856777305e-16,11.687611692131213
691,3.478857764252118e-05,1.6299290277413983,4.541144754929907e-17,12.302214949074369
692,5.470857422785464e-05,1.6015521557501968,1.4087003842767218e-16,11.954344871171543
693,4.064222867089689e-05,1.620025537816404,5.902797931744086e-17,12.220389281569169
694,4.671542609222358e-05,1.61077309702486,1.239703178874721e-16,11.989654250677631
695,5.818946244569638e-05,1.597002916470143,1.961779932275969e-16,11.848100637953394
696,5.9539997977125906e-05,1.597774627149848,2.3685219184373507e-16,11.79974519280131
697,3.646736348789539e-05,1.6257741526200273,5.370509942637455e-17,12.242906646424217
698,4.601766473472591e-05,1.613127125640782,1.1254998534011958e-16,12.025264832026096
699,5.9594330759813885e-05,1.5961293797704943,2.1816957010953773e-16,11.81643023127208
700,6.476723979663315e-05,1.591421590432035,3.9652093289458715e-16,11.636311973046759
701,4.2695071430796686e-05,1.6173356832590586,9.729575386464451e-17,12.066604218494831
702,2.4839409071139078e-05,1.6535369662433688,1.0272567620988703e-17,12.769622682512818
703,3.844375202358419e-05,1.6247084089783543,7.297274719305514e-17,12.157693871401534
704,5.662600633484994e-05,1.5996514719706445,1.4141250717536708e-16,11.952889091778161
705,3.486199482624857e-05,1.6311872594100572,4.0440233775199476e-17,12.342793666028228
706,6.323143160883119e-05,1.5919570077942549,3.5566935029322674e-16,11.663805641509498
707,4.8306014707984655e-05,1.6105749506035745,8.798020865172807e-17,12.104073181507374
708,6.54273198508915e-05,1.5886527467778442,3.5439128036837353e-16,11.661478063572304
709,4.6513344379853193e-05,1.6107970058217478,1.145238271899704e-16,12.013101144638313
710,5.983538401770014e-05,1.596687035492276,2.520320885116347e-16,11.777841291790537
711,4.605795606680463e-05,1.610979243127151,8.031154336208234e-17,12.119611224323307
712,2.89577912724614e-05,1.6426043478754895,1.5713032955087493e-17,12.633851046448399
713,4.7350555140161155e-05,1.609972811441922,1.242054667508779e-16,11.989662789053
714,5.2424857041227685e-05,1.6029902657972146,1.4651608684625248e-16,11.937186552720505
715,3.133230269673315e-05,1.6353653210966985,3.726355924542279e-17,12.354291106144956
716,8.267379749072207e-05,1.576748148883398,6.307653858866506e-16,11.49385594247633
717,4.045106744529548e-05,1.6215973181624084,6.516789843601386e-17,12.192661929192582
718,3.685469774896177e-05,1.6250511235899168,4.961635076435199e-17,12.267495244070233
719,5.948472488208681e-05,1.5970445274635565,3.8731996269183816e-16,11.64523097219535
720,6.483212410758444e-05,1.5897200345760438,4.0705633032959552e-16,11.619444425840811
721,8.475844006025205e-05,1.57471211884535,7.816247352348042e-16,11.428346049036463
722,3.0220048587476966e-05,1.6409458796460257,2.3142165038063802e-17,12.52124862447863
723,0.00011355521813174606,1.553713099058468,2.804527329978978e-15,11.01836585746014
724,7.03602509837647e-05,1.5865777665003682,6.032936365995173e-16,11.508966039562665
725,2.8846193215292576e-05,1.6433300072797856,1.4541986486929823e-17,12.660502854861988
726,6.540133559539503e-05,1.5922272056157663,3.389522092940369e-16,11.692208857769856
727,4.3155903338974006e-05,1.6161272507994655,7.147471424505875e-17,12.160694052683539
728,5.543375423313705e-05,1.5999728037726704,1.5127938209838958e-16,11.927669435899588
729,5.0841073219465806e-05,1.605895531630415,1.179431923284714e-16,12.006741647047875
730,4.147906074928704e-05,1.6180325673779223,8.005612944835081e-17,12.124287246916992
731,5.9900239126739866e-05,1.594506819262446,2.316348906941332e-16,11.793576128872246
732,4.9674866717414383e-05,1.6080386050022768,8.428374203550695e-17,12.112294639568063
733,7.210313597622568e-05,1.5841467364699275,4.30415142576395e-16,11.609110241387498
734,9.408753808363248e-05,1.5666948125460463,1.1217948844722816e-15,11.305969383185584
735,7.264213162119967e-05,1.5828044799095262,4.463046265532218e-16,11.591514053933224
736,5.6305884537337334e-05,1.599838324179474,2.2195718730011155e-16,11.81273135243373
737,5.082932371374485e-05,1.6066758533727494,1.6184677345957565e-16,11.91299610392889
738,7.847754242197958e-05,1.5791890350904865,6.668568233817603e-16,11.47274902696563
739,4.4228228410155655e-05,1.6154665103979577,1.0297085071743687e-16,12.049492536118578
740,6.071174470267769e-05,1.5927474698175315,3.39766806086962e-16,11.668349326238513
741,5.843024609533143e-05,1.597475978837076,2.1182023034391115e-16,11.825516729780247
742,8.712683909583457e-05,1.571503774140627,7.050737873089553e-16,11.448593100695689
743,7.287209961634961e-05,1.5838279653824896,4.088526424216297e-16,11.625042562833187
744,3.4165657372851245e-05,1.6328679693021309,3.257603903664211e-17,12.412844279189812
745,5.38038039730788e-05,1.6012021103201743,1.7619163268751935e-16,11.877489085694378
746,6.163432472118587e-05,1.593168827789018,4.949521436401163e-16,11.562343124616746
747,5.377153553191023e-05,1.6030532429835251,2.031411732584929e-16,11.843447616964113
748,4.2058368640160914e-05,1.6184743102765335,9.910792201437614e-17,12.061511632236488
749,4.218200377493943e-05,1.6162312027028898,9.036188137380441e-17,12.083358824910647
750,5.815865612442414e-05,1.5970476119563377,1.7819138988327197e-16,11.877935909537882
751,4.3088003636848775e-05,1.6170573311618641,6.713873483551999e-17,12.183320574131358
752,3.4618418975518606e-05,1.6313628818798829,5.3238504411739756e-17,12.2562593682851
753,6.0693588871087455e-05,1.596128981318415,3.23660229276266e-16,11.70157244273014
754,4.7657859550816064e-05,1.6108392089808947,1.359443350962806e-16,11.965642994287464
755,4.4147279875636795e-05,1.6159535347526557,1.254388941599971e-16,11.990090455781683
756,5.5293980711183026e-05,1.6009031245629024,1.0159537919236723e-16,12.053125669061046
757,2.3773393052534253e-05,1.6548561093797372,9.462559299114939e-18,12.787727436581918
758,2.5260164382014537e-05,1.6509205972909635,1.3330420222031229e-17,12.682163594317444
759,6.339521072945286e-05,1.5935629116162502,3.298952490792699e-16,11.696635719461028
760,2.6919198629065863e-05,1.6469068354577237,1.826062151552822e-17,12.58538024255904
761,5.099398471413908e-05,1.6055467853116268,1.4265518011546016e-16,11.94901121216435
762,4.608244705996934e-05,1.6107172492399333,1.1419419961970494e-16,12.011865677157402
763,5.197369841915403e-05,1.6045538154512775,1.6915220073001252e-16,11.895369123202727
764,5.614786611737506e-05,1.599117376245254,1.7109285908070764e-16,11.888934613932179
765,3.0838119887743306e-05,1.6371834387273252,5.1627903643544005e-17,12.259425475722765
766,4.984178071051768e-05,1.6078345710026103,1.424473865664011e-16,11.94953386065572
767,3.0305237720128886e-05,1.6369671454683625,2.912029849403813e-17,12.429163774238532
768,4.299631321671746e-05,1.6171943099727804,7.397205313509521e-17,12.152746853813369
769,4.5651774987577354e-05,1.6122055547595986,8.668563895595585e-17,12.100042765553098
770,4.3566507778535855e-05,1.615096304717145,8.581084162302527e-17,12.103240885247942
771,4.893199562995919e-05,1.6088220236196524,9.987496698690696e-17,12.05835438703025
772,4.1153883124174074e-05,1.6206531650234903,6.818401823050118e-17,12.183222072991157
773,4.9580933573891725e-05,1.6065033352637723,1.0418744906948289e-16,12.040835112967216
774,8.04319447820669e-05,1.5768821119100391,6.927163970333421e-16,11.456556225499753
775,3.843759809720748e-05,1.624722671858221,4.819111210334545e-17,12.286212034287473
776,4.195046995171282e-05,1.6193442892798262,2.121101990006085e-16,11.830654609512749
777,3.7153678811087305e-05,1.627032535175978,4.7777055053582524e-17,12.292590768742912
778,4.56631392599762e-05,1.6139229437875613,2.269780457907314e-16,11.810948805601129
779,4.994841736642791e-05,1.6069354625295103,1.0454104865283281e-16,12.043999271803386
780,6.124050951372363e-05,1.5932025784217845,3.858922229070558e-16,11.633915202989556
781,3.9159536146217994e-05,1.6207966115845156,4.186451993021704e-17,12.316124083820796
782,5.9675875895313826e-05,1.5961325782127478,2.0504601673570814e-16,11.836478067646567
783,7.551827724783148e-05,1.5814610641843425,4.891400075440892e-16,11.570415993720871
784,3.6025442067621165e-05,1.6290394447976684,4.4065137505999615e-17,12.315840500383729
785,5.421532074512862e-05,1.60281436403431,1.5240884219208797e-16,11.929538050007977
786,3.417581020313007e-05,1.6325416652966014,3.207188583626315e-17,12.415772333344194
787,5.706746309661097e-05,1.59903773028906,9.98362462416342e-17,12.058483240351961
788,4.475549728349858e-05,1.6155918197978172,1.1047460713876506e-16,12.035053920530117
789,6.201608329727882e-05,1.5941178916855019,2.375437525662702e-16,11.794131649004157
790,6.232250222108054e-05,1.5929322122129677,2.7538940123771895e-16,11.744523919794574
791,4.9279768045172465e-05,1.606474437522698,1.4442680252348404e-16,11.93729674786482
792,4.336008703639436e-05,1.6170436648339368,7.755818568822939e-17,12.139270496223162
793,6.167911458280904e-05,1.5932286487130323,2.562546501196677e-16,11.766296203925776
794,7.980351146220411e-05,1.5776548063688072,5.911681577381878e-16,11.505708389946449
795,4.1517649197777597e-05,1.6179827532126845,7.841840119531963e-17,12.130795883851988
796,4.1369216827594945e-05,1.620527245983799,1.0392212963605532e-16,12.055506206075734
797,4.5018305672685604e-05,1.6131503313565079,7.70070070932202e-17,12.137705013520645
798,6.935289725056674e-05,1.587430111398702,5.414420985912819e-16,11.542825931872812
799,8.891160905925914e-05,1.571918530039366,9.320747494022236e-16,11.371575857923744
800,5.090278813472209e-05,1.6047359746200984,1.1115479550505436e-16,12.020291007105698
801,6.438045152586367e-05,1.5913974367231507,3.2238579716219286e-16,11.698082303696538
802,3.84725018679356e-05,1.624666226653395,4.6761891761387124e-17,12.295908500002952
803,6.38848368982854e-05,1.5932548530410875,3.870999005092953e-16,11.648107086510208
804,5.000601232278541e-05,1.6076199118675776,1.328467571675968e-16,11.9721435582087
805,5.793875564392305e-05,1.5970478100066903,3.1913330467184665e-16,11.696875117253512
806,5.4304176339888425e-05,1.6040499337412137,3.2219137725919786e-16,11.705917130060243
807,5.681760530030486e-05,1.5988972660363416,1.880106190920052e-16,11.861691798460015
808,4.9973207231195966e-05,1.6061289879088099,1.3998265374742816e-16,11.952222477880241
809,4.2835746339520593e-05,1.6181673617069345,1.8534629440561579e-16,11.871851406891437
810,7.6813777845985e-05,1.580048716637605,4.1448380049913117e-16,11.617384830133233
811,3.804832658153234e-05,1.6260639249276174,6.346365991432698e-17,12.2093268267854
812,5.2491535393990416e-05,1.602905970112561,1.4218095640727596e-16,11.945888192725306
813,7.216132450952758e-05,1.5832026295466368,5.580749486189234e-16,11.525259904818995
814,4.928522802370996e-05,1.6073081952218944,1.519798532845925e-16,11.926265006725771
815,6.319560241081582e-05,1.592753795054899,2.8025212485109987e-16,11.742162577106683
816,7.673112373373555e-05,1.5796653448221183,5.565528834955619e-16,11.523654700968109
817,4.0072551229676805e-05,1.622198204187885,7.0006615353721e-17,12.170844601961107
818,4.8006263708434166e-05,1.6091425640975123,1.0911960021362781e-16,12.030303558216474
819,5.9610005239185334e-05,1.596451220931254,3.1055451582178023e-16,11.710977245227241
820,5.849538702423555e-05,1.5974268675900931,1.9050532970079627e-16,11.858325782775864
821,5.516840274702588e-05,1.601043149072996,1.459961764836431e-16,11.941961719469873
822,7.141509838569894e-05,1.5846994859554253,4.942495716906887e-16,11.56405882350873
823,9.29311692309705e-05,1.5657713594930305,1.2803589126378004e-15,11.258442701633612
824,5.044157421977321e-05,1.6076237846180959,2.1778603855221345e-16,11.822915726108477
825,3.404996920485229e-05,1.6320288968544376,4.355289332590278e-17,12.315883140548067
826,7.160732223801301e-05,1.5831565258100029,8.64422904818598e-16,11.384999697429976
827,8.637428471374657e-05,1.572699423720586,8.727791681978194e-16,11.38609360717146
828,7.01590888435211e-05,1.585978090290119,5.319910068288316e-16,11.541717775618963
829,8.357181323202312e-05,1.5728647053134241,1.012222038034273e-15,11.330580184439441
830,6.318853173035817e-05,1.5919006496113344,3.0719353175447564e-16,11.708359995711362
831,6.693070481336091e-05,1.5884872602781763,4.820727365415815e-16,11.57146367011137
832,4.2844163230869744e-05,1.6176935518357973,6.773991895395252e-17,12.180517183319353
833,3.944170140472105e-05,1.621522525116433,6.73030229563954e-17,12.17893350110353
834,3.1602911180172804e-05,1.6365453522837838,3.0989698305163213e-17,12.420782634526404
835,4.7197401004096576e-05,1.613612896193341,9.556208228960536e-17,12.088060943360688
836,0.00010257131127133838,1.5621826439871807,1.6275902350321163e-15,11.194038359239585
837,4.8610404627661886e-05,1.6092851226761538,1.241446671453916e-16,11.992694189951635
838,4.193293560499326e-05,1.6186901781700704,7.690451149067338e-17,12.139256545026
839,7.431949521593059e-05,1.5811689786368757,5.394295542318565e-16,11.53119661621804
840,4.310621669850437e-05,1.6170395168855742,6.915627786778437e-17,12.174562472239813
841,4.049179998475503e-05,1.6194922345800886,7.292574416357113e-17,12.153742670293468
842,3.328192770848753e-05,1.634394117321565,2.698058644026871e-17,12.471388889602167
843,4.7503719843445155e-05,1.610611529360268,1.0124717551689313e-16,12.054230528748121
844,5.69554527338023e-05,1.599064285752906,2.0111841876652128e-16,11.842307549024099
845,4.728017684712996e-05,1.6115041689373897,7.359454046192909e-17,12.155630197143182
846,6.436451949193219e-05,1.5908063195641235,3.3220127127269624e-16,11.686922152254738
847,5.088455825335456e-05,1.6062975765883807,1.1874520400355962e-16,12.006670927989944
848,4.983822590825646e-05,1.6070887982631366,1.0089029653219361e-16,12.055071033468266
849,6.173799372771552e-05,1.5936248478749513,3.150308701961438e-16,11.703976823610901
850,5.256461251228651e-05,1.60351071592851,2.0278944021437252e-16,11.837545568365385
851,5.293476758555763e-05,1.603956974001322,2.3512236479653205e-16,11.795391527628453
852,3.9119918777526224e-05,1.6215233810037124,8.244528789132929e-17,12.114362997339413
853,4.453712915971737e-05,1.6154357615633497,1.593975035181832e-16,11.919665498671748
854,6.842075056109163e-05,1.5882684757346661,3.194476918453283e-16,11.704374411448498
855,4.6941920345202206e-05,1.6114503636269395,1.1165918055658377e-16,12.024566502575908
856,4.36398027465452e-05,1.6167748827005293,1.0651603715368131e-16,12.04158612516585
857,8.029581331717982e-05,1.577638280068776,5.334899219293774e-16,11.540830688159986
858,5.21406385379509e-05,1.6043890991374907,1.405023339359385e-16,11.954802505249972
859,2.3698013000045785e-05,1.6553111341841114,1.0678946292852392e-17,12.75182866913201
860,4.910339019442634e-05,1.6064179637584193,1.1930750024367683e-16,11.993319903463998
861,5.602754341228706e-05,1.600017027721006,2.068408294086703e-16,11.833127534004234
862,4.174855395790168e-05,1.6189474730948672,8.743117524421367e-17,12.099577901765315
863,3.7064900271491344e-05,1.62795360446776,7.223892354734282e-17,12.172400648913936
864,3.534070535680342e-05,1.6300271283550294,5.200949532824577e-17,12.263598814372926
865,5.6384839615492116e-05,1.6002074971725508,1.9051527974432434e-16,11.862229741191868
866,8.536190587381335e-05,1.5723434870195807,1.0711015195655158e-15,11.318036231915357
867,6.163386689488878e-05,1.593708603406533,2.607656006352113e-16,11.762000196765257
868,8.414360729266593e-05,1.5748815006916352,6.484353128781399e-16,11.484413331899304
869,5.6494054016299075e-05,1.598558970490365,2.2549773144752483e-16,11.80210586189105
870,5.090076260959132e-05,1.6058113864857695,1.292400570416758e-16,11.977481994109894
871,5.447740261834122e-05,1.6005709118497697,2.4892922437758295e-16,11.771947469542738
872,4.5632765338122256e-05,1.6136201659294556,6.381430796748082e-17,12.199906594767072
873,6.533491104321451e-05,1.589965208532043,3.5198809319704782e-16,11.667021266081065
874,3.033429283155546e-05,1.638225856812733,3.239630547059176e-17,12.405077601476478
875,5.412545436267136e-05,1.6001829725719852,1.4835613419044216e-16,11.927236502088817
876,5.736888163083368e-05,1.5976365998134978,1.9658816821291947e-16,11.847458900658694
877,4.186688894258801e-05,1.6187570806366727,5.83226703220142e-17,12.226176194367326
878,5.3425053958751175e-05,1.6029493891211626,1.3747834235045832e-16,11.961375577884155
879,5.53456019743897e-05,1.6024789906551373,3.620430634718727e-16,11.670013115244728
880,6.687449262788676e-05,1.5870579523764523,4.862632007700548e-16,11.56129272422686
881,6.769060013311441e-05,1.5885689444743876,3.9669078592682928e-16,11.636223720658563
882,6.425686200518094e-05,1.5918642231026257,3.126100805413512e-16,11.708963885555022
883,5.312997035719901e-05,1.6020559909969332,1.9722541736471439e-16,11.842700148744825
884,4.3330065059858624e-05,1.6143233110268171,9.088868008944351e-17,12.077808837386328
885,6.178368853416354e-05,1.5948345588477681,3.761201574582599e-16,11.654880563596635
886,5.4291358524449765e-05,1.6018894223785867,2.0456304610077876e-16,11.83713342278088
887,7.2090599775934e-05,1.5819396690248246,5.191918711347759e-16,11.539624242313494
888,4.544092033290175e-05,1.613851661992848,1.1849095766918217e-16,12.006881432109367
889,5.668011326672552e-05,1.5998945650747656,2.580723745024759e-16,11.770008089836665
890,6.266907909699323e-05,1.5917928639496144,4.658595906643658e-16,11.577979513111131
891,6.803671268261042e-05,1.5877763035590013,3.3251920874888916e-16,11.688078184385631
892,5.207987373042104e-05,1.604471080059248,1.0097855057336624e-16,12.055667128254754
893,5.4426177862257586e-05,1.6023065984030236,1.8180271555963099e-16,11.87745725637069
894,4.89327134699834e-05,1.6089172619551402,1.1876222078081396e-16,12.00670439235546
895,4.381825628088982e-05,1.6157133185663795,7.061972611921802e-17,12.166598720014008
896,3.3475430122182616e-05,1.631393144592585,3.9869780495762395e-17,12.337350922874975
897,9.103173881424529e-05,1.5705546413621512,1.182207748199186e-15,11.298136651530513
898,3.428720692260116e-05,1.6308026581401929,7.010711198706532e-17,12.16599601793132
899,5.1822993509776645e-05,1.6053283626861161,2.8744050870417763e-16,11.734493546346584
900,5.441727791130103e-05,1.6031019733018894,3.0650146528314213e-16,11.718135393394732
901,5.634689519664525e-05,1.5990031033745509,1.941573345246475e-16,11.851964499963287
902,4.206991115527196e-05,1.6195467333885942,1.0334861485518884e-16,12.057229092352372
903,7.908740777445808e-05,1.5794360320162066,5.420963429845435e-16,11.540245306413908
904,2.785145728111644e-05,1.6444454044617633,5.647069061106351e-17,12.234069703950354
905,4.285529602738201e-05,1.6173800095108513,9.57292376748997e-17,12.07210166414734
906,3.4218183705514915e-05,1.6308984444067869,5.086592588041014e-17,12.266270755434562
907,5.959126782092637e-05,1.5969329318977725,2.1413078563201854e-16,11.82778213938127
908,3.5782197513125684e-05,1.6295740925585225,3.2895542096297674e-17,12.407728964264606
909,6.159064675231374e-05,1.591801328937078,3.456267188922406e-16,11.663284484173346
910,4.7557478209558716e-05,1.6115114373952133,1.8500581914459866e-16,11.875923530308683
911,4.856283978390898e-05,1.6093688501881067,1.2576274260258901e-16,11.989288799671158
912,6.792622069063433e-05,1.586719300872611,5.342172946955692e-16,11.534227302414365
913,0.0001073488919960653,1.559087963588719,1.2995590173848793e-15,11.261270379718553
914,7.016323017921025e-05,1.5868481601972775,3.2984262548442925e-16,11.694707013518382
915,6.680963034054527e-05,1.5889472299694456,2.982578894987534e-16,11.721689259734376
916,4.0203632580398376e-05,1.6226319640547484,4.478187440418939e-17,12.314489021370719
917,5.945083011077364e-05,1.595730033767864,2.744912608255823e-16,11.745677879545383
918,4.514436032506819e-05,1.614624519570192,1.6355552447668184e-16,11.913378068393286
919,5.25108352584155e-05,1.6038653411582677,1.3391359527606526e-16,11.966242870857059
920,3.223713515544338e-05,1.6370255453624705,2.6436468872410837e-17,12.480109221972725
921,6.476286658078231e-05,1.5898330253083555,3.9017658402559545e-16,11.633507710906997
922,5.4740585573786564e-05,1.6008108092588222,2.0485197620943483e-16,11.835046669450094
923,6.851578597171122e-05,1.5862310774887898,5.760750985125225e-16,11.509865481306406
924,8.212708721122317e-05,1.5739893013317303,1.028597871653008e-15,11.329092094552607
925,3.678252071421922e-05,1.627557203875935,6.547485733000955e-17,12.191120723736276
926,6.3169490540604e-05,1.5919082522397425,2.2362521430623743e-16,11.807773156027906
927,6.646180535062477e-05,1.5892645871188729,3.240284028095686e-16,11.696342451693454
928,2.6703198147125452e-05,1.6484751587350672,1.4300562732629278e-17,12.665613793338252
929,5.9963240439209776e-05,1.5965356283486951,3.362477542538329e-16,11.687977027052057
930,6.585835331183777e-05,1.5901800445386176,3.7481035878185884e-16,11.653055108040917
931,4.5496101632287255e-05,1.6135383730741177,8.355627542015089e-17,12.11425627129438
932,3.398416555145681e-05,1.629926108397187,2.4599653770518265e-17,12.482332979597231
933,5.657459990151137e-05,1.5987747676926545,1.8575341107936955e-16,11.865045820979503
934,8.116682963809945e-05,1.5762544685766966,8.241892598544449e-16,11.402557332173274
935,4.0437936110123715e-05,1.621899327946343,4.9156898432026474e-17,12.284915087894205
936,7.550404650417001e-05,1.5795034638385845,4.810079075929078e-16,11.56463855542097
937,4.734450260017518e-05,1.6114205520166818,1.264997611845395e-16,11.987519690182125
938,5.721246849051235e-05,1.6018043233596435,1.82429894634807e-16,11.887032064007144
939,3.254039353372111e-05,1.635383257336176,3.3243604558584736e-17,12.404726727567322
940,7.684442453899357e-05,1.5795315242380599,4.818501132449288e-16,11.567394771663203
941,5.303089195873259e-05,1.6029301904637028,1.8349123918875088e-16,11.86988639112542
942,5.304559470229628e-05,1.6021449430342758,1.8269926449582864e-16,11.866033183080617
943,4.8472517062614966e-05,1.6107496817882068,1.5152300972280477e-16,11.941084036790016
944,5.3536609980815414e-05,1.6041123280775418,2.274058240450716e-16,11.81041409320187
945,6.302299189330877e-05,1.5920906222338194,3.038263733670606e-16,11.714036296094491
946,5.261874034991553e-05,1.6043041204134647,1.6106802881253728e-16,11.912232543078062
947,7.230071145438687e-05,1.5846850119123577,5.127589822334449e-16,11.55684816026951
948,3.984593022235387e-05,1.6221263728616409,6.970279133695499e-17,12.172022401596905
949,5.7768624991190996e-05,1.5982177724676025,1.67333974324992e-16,11.900573504962267
950,3.483554033638064e-05,1.6318582872955574,2.9026068421693624e-17,12.449050752529274
951,5.423884466124006e-05,1.601647883039559,2.2888570770746504e-16,11.800893001317945
952,7.208795241388691e-05,1.5832561173042397,5.58444343255406e-16,11.525026304445419
953,7.08909403911135e-05,1.5831054586062419,5.29668851898849e-16,11.53412724784448
954,4.675397404970329e-05,1.6122783303142039,2.349779935054046e-16,11.798761530792035
955,5.685949298764197e-05,1.5988713739653866,1.9486086362859699e-16,11.850856234660569
956,2.6138620652794908e-05,1.6483193484880307,2.4582896598111418e-17,12.491131064745787
957,5.516305001772774e-05,1.599856652075249,1.6834898109653436e-16,11.894024778020139
958,4.501993208198798e-05,1.614534689056452,7.945126615769887e-17,12.133154475703577
959,5.448694250219741e-05,1.602522622859058,2.5118325905814823e-16,11.777549316323075
960,5.2701478254123664e-05,1.6036531107776402,1.7141470985380277e-16,11.891274599407552
961,8.309892875710639e-05,1.5746526355677224,6.837908955270987e-16,11.46153814461968
962,6.089270243276493e-05,1.5943240827376737,2.4314658738701573e-16,11.782546285565331
963,3.622795024608048e-05,1.6260687726304308,4.393112900117198e-17,12.30385368158386
964,6.24764551991902e-05,1.5923425131048339,3.6422298729470303e-16,11.656461566500184
965,2.922127145327859e-05,1.6420379044022024,1.536488098839097e-17,12.63888343875169
966,5.529314276644621e-05,1.6007378592745376,2.0582725982881142e-16,11.833617292314557
967,2.886436387341719e-05,1.6427969249378942,1.4599866468926147e-17,12.656142976367846
968,6.960217623942495e-05,1.585389342556128,4.0561995823960037e-16,11.621555272354726
969,7.581055589221802e-05,1.5801273686404005,7.628601353903366e-16,11.424397692162984
970,4.226036152982401e-05,1.6187625145708469,1.6665850830681178e-16,11.903926465598488
971,7.205736450510282e-05,1.5851954305843299,5.281925912176439e-16,11.550219827719957
972,4.6379070223878996e-05,1.6130084639601319,2.4343215144117004e-16,11.78837610159053
973,6.030733889133285e-05,1.5965173695286472,2.2516812010798693e-16,11.812502658515768
974,4.4035900468712766e-05,1.6144590781758967,8.445863672398054e-17,12.108058926375634
975,5.305490921697398e-05,1.6020038059053658,1.6751963967712409e-16,11.891995764593048
976,5.301887213003047e-05,1.603845329634896,9.58535548388177e-17,12.071641798845121
977,3.060824872093008e-05,1.6376849221689507,3.095078549771226e-17,12.418592683586667
978,2.844674164003592e-05,1.6439956929709276,1.5802079264562133e-17,12.633611404870862
979,6.419337223361497e-05,1.5902035698171881,3.2155164179429945e-16,11.690457696222893
980,4.422549423689999e-05,1.6149575051337302,1.1044822773776667e-16,12.026658314877295
981,4.819391939738085e-05,1.607853109140553,1.36752494015581e-16,11.953504387362955
982,5.619931762033172e-05,1.6015870538864247,2.1498682363272956e-16,11.830334565569501
983,5.6107590942374865e-05,1.60138660386361,2.970006360985209e-16,11.730763105252663
984,4.170862306839689e-05,1.6171948267997442,1.0223751462361034e-16,12.04660254659484
985,7.365608906930547e-05,1.5805799061273942,6.562860238592113e-16,11.4665743707219
986,2.775479338451554e-05,1.6459308194078388,1.8356255305568273e-17,12.589045287387307
987,4.507350826757501e-05,1.6135174918001776,7.844010337629851e-17,12.13199820016689
988,5.448920589447705e-05,1.601938038778408,1.2017895197548072e-16,12.00219808177826
989,4.904854098982395e-05,1.607237945095772,1.1104441656090936e-16,12.022448850597357
990,5.069056031246007e-05,1.6060987734434429,1.6330790180323497e-16,11.905666345761347
991,7.922678470508401e-05,1.5795668404318026,3.647546229469943e-16,11.663532620051228
992,3.867195225796308e-05,1.6243591352785178,5.517257225338565e-17,12.245817928718225
993,3.532106405494038e-05,1.630000795738774,4.5281664463980295e-17,12.305719456409406
994,3.489527949818484e-05,1.6297093205200741,6.390472092778608e-17,12.194774748186774
995,7.644534346808049e-05,1.5786916662641064,7.765195476470927e-16,11.41499579478932
996,4.1683495501895524e-05,1.6198467495468225,2.301712412058836e-16,11.805371857386035
997,4.6006596378516605e-05,1.6125952130627776,8.432847564145215e-17,12.110089339539627
998,2.786846147515809e-05,1.6454007518931622,1.6499676370601382e-17,12.62054655988186
999,7.264312400416444e-05,1.5836512083709822,2.723180198281089e-16,11.74795947875009
1000,6.679586452762812e-05,1.5896491610938737,2.781754234609905e-16,11.746371872463897
