,39,200.68
,37,56.96
,31,5.61
,34,33.08
,38,239.8
,37,122.75
,38,500
,31,11.11
,30,4.41
,30,6.42
,31,4.59
,42,500
,34,24.74
,38,132.79
,29,12.33
,31,8.18
,36,50.23
,30,19.56
,29,12.7
,30,2.29
,38,64.9
,36,136.95
,34,43.35
,39,440.15
,35,44.36
,32,6.27
,36,95.05
,36,72.12
,37,493.09
,37,93.38
,33,13.0
,35,59.13
,37,57.76
,39,457.57
,37,121.04
,29,14.16
,39,83.88
,31,95.35
,32,13.4
,38,147.09
,31,2.31
,37,88.19
,32,15.37
,33,12.61
,31,6.01
,32,4.89
,33,49.4
,35,53.37
,39,210.65
,32,7.84
,36,258.54
,39,93.84
,35,56.94
,33,16.78
,38,44.33
,40,489.15
,36,36.7
,35,16.5
,32,20.09
,36,41.83
,40,290.75
,38,200.43
,37,132.31
,36,78.87
,33,26.64
,35,14.66
,35,27.28
,34,37.61
,37,111.65
,39,345.49
,36,158.06
,31,5.41
,31,40.83
,31,53.48
,32,32.07
,37,193.63
,37,60.38
,36,71.6
,34,29.77
,37,135.75
,33,20.28
,33,56.72
,32,48.01
,37,88.87
,35,42.01
,36,124.3
,33,24.8
,32,24.17
,36,105.06
,38,149.28
,33,84.77
,37,105.11
,40,135.13
,34,92.97999999999999
,34,56.94
,40,228.15
,38,500
,35,299.34000000000003
,37,353.6
,37,73.41
,31,6.64
,35,14.08
,37,208.26
,33,23.39
,33,27.29
,34,26.37
,35,48.47
,34,16.93
,33,13.32
,29,4.13
,33,19.79
,38,141.2
,36,142.54
,29,15.94
,32,13.14
,38,357.3
,33,41.03
,34,40.04
,35,60.04
,31,7.39
,35,75.77
,36,128.12
,34,190.26
,35,79.93
,32,6.66
,33,45.05
,32,44.67
,33,47.95
,28,3.91
,38,127.74
,35,62.3
,29,2.9
,36,129.76
,36,40.21
,31,26.37
,30,4.5
,35,34.82
,34,12.73
,37,107.99000000000001
,35,53.85
,34,37.72
,40,258.57
,37,100.28
,34,14.66
,32,26.65
,33,32.07
,32,23.89
,34,39.62
,35,63.95
,36,43.44
,31,9.61
,36,60.35
,32,10.77
,36,31.32
,30,4.92
,29,3.46
,35,45.98
,35,38.3
,29,7.91
,37,165.57999999999998
,34,60.09
,29,4.6
,33,63.38
,39,252.73
,39,116.68
,35,66.66
,30,6.33
,36,86.77
,30,7.08
,31,8.85
,33,27.23
,35,81.27
,36,23.81
,38,161.48
,35,36.76
,35,48.31
,34,11.98
,37,48.81
,28,3.84
,34,97.05
,29,3.49
,35,211.96
,32,16.54
,35,124.24
,35,14.72
,31,15.41
,32,22.89
,37,25.09
,31,23.51
,34,25.03
,32,6.95
,36,41.99
,36,138.61
,34,23.67
,35,455.47
,29,4.82
,35,86.43
,33,9.45
,30,18.15
,39,149.82999999999998
,41,406.58
,39,140.24
,35,45.12
,32,30.43
,29,1.57
,38,65.78
,38,151.77
,36,93.24000000000001
,39,157.4
,35,45.31
,38,126.77
,38,217.49
,37,23.01
,38,29.49
,31,7.41
,35,57.41
,33,21.13
,36,63.09
,27,1.49
,34,103.46000000000001
,36,74.89
,34,52.1
,36,121.14
,37,60.35
,39,174.75
,38,70.05
,32,29.1
,34,16.24
,36,154.13
,31,17.17
,34,37.58
,33,31.36
,36,191.73
,37,84.05
,38,363.41
,33,12.69
,36,43.96
,30,4.88
,35,66.58
,39,38.19
,28,2.91
,33,11.54
,39,500
,33,13.32
,36,47.58
,34,27.15
,37,86.77
,35,190.36
,35,73.81
,36,54.09
,34,45.59
,33,26.92
,35,66.64
,29,12.63
,35,48.57
,35,61.96
,33,46.39
,28,6.35
,33,16.94
,30,7.33
,32,16.65
,38,109.3
,33,26.84
,39,241.64
,34,111.50999999999999
,35,87.42
,34,62.85
,38,94.00999999999999
,34,36.24
,38,300.68
,27,5.07
,37,58.5
,37,162.91
,27,2.41
,34,63.21
,31,1.64
,38,116.44
,35,37.13
,36,365.0
,37,45.51
,32,6.42
,32,30.61
,36,49.08
,33,6.91
,31,8.72
,34,85.49
,36,31.89
,36,32.46
,31,9.46
,37,37.6
,35,24.26
,31,17.23
,35,35.84
,37,133.86
,38,57.57
,39,402.15
,33,91.91
,32,24.26
,31,22.31
,30,9.7
,31,13.53
,32,11.18
,36,45.11
,29,5.31
,32,25.84
,35,76.81
,37,275.79
,31,98.97999999999999
,37,20.71
,36,114.17
,37,70.15
,34,90.83
,34,73.82
,34,49.34
,39,500
,39,383.87
,33,44.56
,33,14.99
,40,260.71
,34,15.73
,36,22.57
,35,21.3
,30,10.44
,33,7.08
,35,120.9
,36,60.96
,39,500
,31,9.29
,34,12.47
,38,329.49
,36,67.38
,33,52.47
,38,108.07
,35,173.18
,33,22.86
,34,42.14
,38,391.52
,38,188.85
,35,82.01
,30,5.68
,29,3.02
,32,8.47
,29,1.15
,32,21.44
,34,16.28
,31,10.64
,39,101.88
,37,38.06
,34,120.57
,38,241.17
,38,180.24
,36,113.33
,33,24.11
,31,25.58
,32,28.71
,37,156.45
,36,77.36
,34,62.53
,37,128.56
,31,9.03
,34,31.99
,34,49.73
,32,23.76
,35,216.32999999999998
,29,5.18
,32,11.58
,34,49.72
,32,17.63
,37,92.78
,30,8.72
,33,21.4
,30,6.29
,35,81.06
,40,195.64
,37,41.09
,27,3.98
,36,59.89
,36,138.81
,38,154.94
,37,37.57
,32,10.03
,34,36.94
,40,166.25
,33,44.84
,37,46.79
,29,6.96
,37,56.13
,36,29.93
,35,47.5
,29,5.65
,36,70.2
,33,5.4
,28,3.8
,36,96.75999999999999
,37,316.93
,33,19.62
,29,6.34
,31,7.78
,38,46.95
,36,100.84
,34,49.5
,34,26.64
,36,48.4
,30,11.74
,32,20.65
,33,56.46
,32,45.73
,40,99.31
,33,60.73
,40,66.73
,38,137.15
,40,234.11
,32,15.44
,36,46.0
,36,145.62
,36,45.25
,32,19.73
,40,222.61
,36,44.54
,36,63.44
,36,132.82
,32,3.1
,35,130.89
,35,120.56
,34,31.53
,33,10.5
,33,34.91
,32,7.87
,35,37.2
,32,20.16
,37,87.51
,34,22.64
,36,43.61
,30,6.94
,35,82.7
,37,55.01
,41,168.02
,33,16.71
,37,20.11
,32,6.57
,38,116.22999999999999
,37,163.38
,36,69.51
,36,183.3
,38,42.62
,33,22.57
,30,6.53
,34,64.57
,31,6.75
,36,98.77000000000001
,33,39.09
,35,30.85
,35,31.6
,32,28.67
,33,28.54
,38,65.38
,33,8.15
,34,22.6
,32,19.09
,37,80.78999999999999
,32,12.9
,36,61.06
,33,5.94
,38,50.69
,32,35.43
,34,14.51
,32,10.02
,37,44.34
,37,226.92000000000002
,38,317.53
,28,6.35
,35,55.02
,38,74.43
,36,123.01
,34,102.1
,38,126.92
,32,18.08
,27,3.39
,38,62.75
,37,224.72
,31,9.76
,30,5.55
,35,39.79
,35,81.26
,31,20.31
,31,23.42
,35,77.78999999999999
,35,29.62
,38,141.39
,31,9.32
,36,80.49
,34,62.93
,33,7.97
,35,105.78
,39,83.82
,36,146.56
,37,90.66
,38,74.65
,32,19.81
,34,73.86
,38,352.89
,31,8.1
,36,122.57
,33,57.04
,31,5.22
,29,7.24
,38,95.89
,34,45.8
,35,29.13
,33,22.99
,36,500
,37,80.0
,34,34.15
,39,131.81
,34,28.0
,33,4.07
,34,94.08
,38,115.43
,34,128.11
,36,93.33
,32,21.02
,29,13.94
,35,42.08
,36,65.7
,33,65.46
,38,112.05
,34,49.24
,29,7.76
,33,34.78
,32,13.79
,39,135.43
,35,221.76
,35,186.06
,32,14.58
,32,26.93
,36,275.58
,38,134.1
,29,4.71
,29,20.86
,36,304.09
,30,21.87
,32,34.88
,34,28.87
,35,61.45
,36,112.50999999999999
,35,15.1
,37,67.49
,35,84.7
,38,371.66
,39,134.3
,33,41.15
,37,283.12
,33,84.67
,30,1.79
,37,27.97
,37,127.89
,31,14.44
,38,338.01
,34,12.0
,35,76.62
,34,58.91
,34,48.69
,33,8.26
,35,50.53
,34,26.41
,33,11.65
,30,8.39
,31,10.17
,37,307.17
,34,24.67
,39,75.11
,33,19.68
,37,246.58
,36,131.96
,33,14.8
,35,158.95
,32,10.18
,29,2.91
,33,15.05
,29,2.22
,29,3.18
,36,158.68
,36,172.26
,32,8.25
,33,17.62
,29,3.11
,38,82.47
,31,18.52
,30,7.09
,28,9.59
,35,21.55
,30,9.06
,36,46.04
,33,8.48
,37,135.28
,36,65.61
,39,500
,34,27.86
,32,13.25
,40,286.18
,36,46.79
,32,4.93
,37,120.6
,38,130.24
,36,61.61
,37,89.5
,34,28.46
,33,30.83
,36,167.31
,31,17.11
,40,500
,39,187.99
,36,129.86
,32,18.45
,33,66.24
,38,83.52
,36,39.42
,32,51.67
,29,15.96
,31,55.65
,35,23.63
,29,3.55
,36,15.47
,37,155.59
,36,54.14
,30,14.64
,31,37.7
,33,48.73
,38,500
,38,148.42000000000002
,30,7.56
,37,77.66
,33,17.36
,34,40.86
,33,7.34
,30,4.01
,29,5.38
,35,72.1
,41,198.72
,27,4.59
,37,69.95
,36,167.25
,30,15.57
,31,7.94
,37,290.65999999999997
,38,91.49
,34,52.42
,36,29.02
,37,135.33
,37,340.96
,34,9.74
,36,22.76
,36,54.41
,34,37.56
,37,155.64
,37,43.01
,38,500
,29,5.94
,31,5.58
,37,213.05
,39,173.41
,29,6.24
,38,286.36
,35,191.64
,28,3.15
,30,10.25
,36,74.81
,39,500
,34,30.17
,38,154.93
,31,29.72
,34,61.75
,31,6.62
,35,168.77
,34,43.18
,35,47.93
,38,416.25
,33,25.39
,38,78.86
,35,29.65
,30,9.41
,33,67.54
,37,136.28
,35,49.45
,37,34.23
,36,49.3
,35,5.01
,37,170.39
,38,304.78
,29,5.38
,38,341.06
,40,79.75
,35,22.6
,37,95.99000000000001
,38,500
,33,33.38
,35,110.94
,30,10.49
,29,2.57
,33,88.77
,32,33.34
,39,62.36
,32,17.09
,35,101.31
,35,185.6
,34,43.22
,38,176.54
,37,202.0
,31,6.98
,35,66.22
,36,70.55
,38,204.87
,32,12.86
,36,87.39
,40,292.04
,29,9.06
,37,198.47
,30,2.27
,31,5.62
,33,7.06
,33,23.92
,37,303.66
,29,8.38
,38,124.7
,37,75.99
,41,385.72
,38,164.6
,31,49.55
,35,26.29
,37,97.52000000000001
,32,10.33
,33,13.75
,35,81.11
,31,23.28
,37,174.32
,32,8.13
,32,14.84
,31,12.29
,30,16.18
,33,15.97
,35,57.09
,37,197.8
,32,37.57
,35,26.52
,35,70.97
,36,60.95
,33,23.66
,37,144.54
,33,71.63
,30,6.02
,36,37.73
,31,10.07
,35,77.16
,41,500
,33,24.13
,35,34.74
,33,18.73
,35,36.91
,38,112.03
,35,51.59
,36,210.52
,30,10.02
,37,181.39
,37,145.98
,36,115.97999999999999
,32,9.24
,39,310.1
,34,14.09
,36,184.34
,29,3.22
,35,224.31
,35,95.19
,34,67.3
,37,82.68
,31,32.21
,33,34.25
,36,73.45
,30,17.73
,31,20.64
,31,8.61
,30,14.83
,35,247.64
,36,119.64
,26,4.82
,37,215.06
,36,48.44
,34,68.86
,32,6.09
,33,25.07
,34,12.18
,33,77.37
,41,500
,33,32.67
,36,103.15
,38,343.2
,31,8.65
,35,110.6
,30,6.45
,35,54.02
,35,25.22
,25,1.91
,36,22.67
,36,50.98
,35,24.11
,34,69.31
,35,58.32
,39,251.32
,30,11.63
,31,12.29
,34,342.02
,34,115.72999999999999
,29,1.92
,31,22.24
,33,19.15
,34,42.39
,32,14.87
,36,104.28
,32,14.14
,31,6.09
,35,104.22999999999999
,34,25.87
,33,34.1
,36,83.52
,37,70.34
,30,3.9
,32,6.77
,36,39.09
,34,98.99000000000001
,39,119.52000000000001
,35,43.53
,31,22.39
,30,2.94
,36,57.14
,39,296.19
,33,39.47
,31,5.21
,40,500
,33,31.46
,36,68.26
,37,130.22
,40,119.27000000000001
,27,4.41
,32,9.18
,37,198.12
,35,60.49
,36,331.27
,40,330.58
,34,64.3
,33,33.39
,34,266.41
,34,27.66
,38,344.8
,37,73.06
,35,45.79
,28,7.92
,36,238.72
,37,44.11
,34,32.35
,37,209.44
,34,31.3
,35,37.94
,33,18.05
,29,3.51
,35,85.49
,38,46.15
,31,4.87
,37,316.23
,30,11.08
,33,38.01
,33,45.87
,38,69.09
,34,72.47
,32,29.75
,30,18.81
,32,13.35
,32,17.98
,38,79.3
,39,480.71
,36,101.19
,33,42.23
,36,89.19
,30,8.13
,39,206.38
,36,91.6
,27,8.63
,34,128.3
,31,5.9
,40,310.69
,36,66.39
,33,18.25
,38,107.47
,36,64.26
,32,54.96
,38,114.81
,27,3.26
,29,3.92
,31,9.34
,34,24.67
,36,220.56
,32,34.02
,36,155.26
,37,28.83
,39,146.32
,33,5.31
,38,62.12
,41,423.36
,29,1.31
,29,4.63
,30,3.18
,34,86.77
,37,144.8
,38,125.98
,28,6.11
,29,2.8
,35,22.82
,32,27.55
,37,134.18
,38,119.3
,30,11.99
,37,92.24000000000001
,36,171.61
,28,2.22
,38,420.72
,35,40.8
,37,90.52
,33,76.03
,36,54.86
,32,20.13
,35,41.84
,30,20.84
,31,6.67
,29,18.35
,35,72.85
,38,106.50999999999999
,34,28.65
,30,11.22
,39,355.4
,34,46.37
,34,57.04
,37,110.77000000000001
,31,35.36
,30,3.9
,35,44.65
,33,45.08
,36,48.71
,34,21.35
,37,137.17000000000002
,36,74.24
,33,32.3
,32,37.58
,35,141.56
,34,34.66
,33,17.47
,38,69.36
,37,46.41
,34,42.84
,34,64.7
,31,8.44
,33,19.1
,39,242.57
,34,36.32
,37,86.78
,37,103.47
,35,28.02
,37,500
,31,7.14
,32,22.6
,34,32.27
,36,119.07
,37,212.94
,30,6.89
,33,52.65
,39,130.16
,28,4.97
,33,96.11
,39,81.69
,37,465.68
,35,71.95
,40,289.77
,28,9.42
,36,72.73
,33,91.28
,33,14.56
,35,67.81
,41,183.12
,39,139.77
,32,22.77
,37,271.81
,36,121.11
,37,136.22
,33,7.25
,37,145.62
,35,54.09
,29,3.5
,33,18.16
,32,41.98
,34,89.33
,32,13.71
,31,7.95
,35,47.24
,35,88.37
,39,193.65
,36,81.61
,29,8.67
,31,14.5
,39,198.72
,32,37.75
,31,8.0
,32,20.01
,37,47.96
,33,7.6
,30,17.49
,32,9.78
,30,5.35
,29,3.72
,32,7.4
,36,125.55
,30,7.68
,33,37.46
,37,317.78
,34,24.33
,29,4.34
,35,31.11
,36,60.35
,27,5.54
,32,71.18
,34,32.69
,34,54.71
,29,8.6
,34,35.3
,34,46.31
,33,47.49
,36,44.57
,32,26.45
,31,12.01
,39,201.9
,30,16.77
,31,9.68
,36,96.17
,40,453.84000000000003
,35,29.56
,34,70.91
,30,15.61
,39,263.94
,31,4.75
,33,23.44
,31,48.56
,32,7.64
,35,55.69
,35,54.62
,34,47.13
,36,35.22
,35,33.87
,39,354.8
,35,57.57
,36,33.41
,34,56.61
,39,496.93
,33,22.39
,34,51.05
,39,182.35
,36,161.56
,35,85.08
,36,24.95
,34,78.25
,32,19.18
,26,2.76
,31,19.06
,36,54.42
,35,98.99000000000001
,38,76.41
,38,123.53
,34,29.11
,30,4.69
,36,73.12
,35,28.29
,37,187.24
,37,125.68
,37,82.08
,37,77.27
,36,161.65
,28,9.59
,35,37.82
,32,10.94
,34,71.31
,31,10.62
,33,78.25
,39,207.82999999999998
,32,8.85
,37,66.86
,37,69.93
,36,82.98
,36,85.47
,35,116.3
,35,104.19
,33,10.62
,33,124.2
,35,163.65
,38,127.1
,35,135.6
,37,88.77
,34,49.74
,34,36.04
,35,33.15
,29,1.82
,35,79.05
,38,152.68
,38,66.22
,33,55.49
,34,16.24
,34,6.8
,31,42.32
,36,28.44
,37,146.49
,35,101.14
,31,6.74
,32,43.79
,32,19.3
,39,229.05
,36,15.08
,35,79.41
,32,12.95
,35,54.01
,35,56.39
,38,87.43
,28,1.84
,32,20.05
,38,125.01
,38,96.19
,33,10.91
,35,27.06
,36,39.47
,32,32.88
,31,5.98
,30,3.44
,35,106.28999999999999
,38,171.02
,37,209.23
,31,25.11
,35,40.21
,32,47.08
,35,54.8
,32,76.97
,37,172.27
,29,18.84
,36,109.32
,38,262.71
,31,3.96
,36,67.99
,37,122.86
,33,30.35
,33,13.23
,31,4.35
,35,54.38
,36,141.39
,36,24.45
,34,16.98
,35,115.25
,30,3.05
,36,86.82
,35,45.41
,33,13.57
,35,65.75
,36,63.12
,33,30.59
,37,366.38
,36,97.61
,35,42.74
,32,71.61
,29,2.18
,36,210.57
,30,5.9
,36,54.88
,37,79.62
,29,4.09
,37,143.57999999999998
,31,6.44
,34,31.09
,35,119.99000000000001
,32,34.14
,35,38.24
,28,6.63
,34,45.84
,34,27.95
,35,120.87
,36,161.04
,33,25.13
,31,24.65
,38,221.61
,30,2.73
,36,134.07
,36,106.03999999999999
,33,23.99
,34,22.59
,34,119.52000000000001
,31,18.7
,38,308.7
,31,10.5
,36,128.91
,34,18.36
,38,475.57
,40,224.79
,29,11.29
,32,11.06
,33,29.44
,37,299.47
,37,188.51
,30,3.8
,41,500
,30,10.59
,34,26.29
,30,6.03
,36,43.64
,33,32.32
,39,438.62
,38,500
,29,5.71
,33,27.59
,34,36.79
,27,10.22
,37,93.65
,31,18.51
,31,12.7
,34,278.90999999999997
,29,8.58
,29,9.92
,36,57.82
,40,466.18
,37,39.78
,36,57.43
,35,37.53
,35,172.43
,35,113.87
,33,10.8
,31,12.19
,32,18.03
,38,169.9
,36,233.73
,36,92.85
,36,136.86
,32,42.71
,28,5.56
,38,38.1
,38,112.69
,36,305.21
,37,150.82999999999998
,32,3.37
,30,4.85
,38,318.67
,34,92.49000000000001
,37,28.9
,35,74.85
,33,31.87
,38,88.57
,36,333.69
,37,57.3
,34,120.94
,37,82.78999999999999
,37,88.22
,31,21.99
,35,46.48
,29,9.96
,33,11.62
,34,46.35
,33,15.29
,39,126.84
,39,50.9
,35,189.32
,35,72.52
,31,10.94
,35,26.68
,34,38.3
,37,91.18
,35,14.74
,37,85.08
,37,121.52
,34,11.56
,32,7.29
,36,91.28
,38,199.77
,38,76.98
,33,27.86
,31,18.48
,39,236.46
,33,23.94
,31,35.74
,32,10.24
,37,85.12
,36,45.56
,32,48.6
,33,11.5
,31,7.23
,30,25.62
,37,115.72999999999999
,32,37.68
,31,6.98
,40,500
,32,7.01
,35,31.34
,30,7.68
,37,145.29
,32,29.61
,39,233.3
,32,32.04
,30,16.97
,33,39.97
,37,80.51
,37,67.59
,35,35.84
,39,278.65
,33,52.2
,36,214.51
,31,40.18
,34,103.13
,35,97.11
,33,22.25
,37,69.44
,38,80.74
,34,72.08
,32,20.45
,30,13.32
,37,60.61
,28,11.49
,37,76.26
,31,5.09
,29,6.37
,36,109.27000000000001
,36,21.53
,34,14.07
,31,16.26
,37,45.65
,36,28.72
,31,5.42
,34,100.12
,32,6.03
,39,84.63
,36,140.12
,38,179.44
,33,60.22
,38,109.97999999999999
,38,90.65
,35,17.01
,38,157.32999999999998
,34,35.61
,37,107.2
,36,17.22
,38,68.07
,36,135.06
,36,115.08
,35,186.77
,39,326.77
,32,47.81
,37,438.57
,38,265.91
,36,78.99
,36,56.64
,31,19.91
,37,152.02
,34,20.32
,30,14.62
,31,17.87
,36,54.14
,33,33.37
,38,151.6
,28,6.41
,35,71.57
,34,81.77
,34,133.74
,33,9.01
,39,337.7
,33,52.49
,33,21.07
,36,35.77
,34,17.69
,34,66.99
,38,391.74
,38,174.29
,33,78.21000000000001
,33,22.58
,30,13.24
,30,49.48
,34,25.14
,35,53.48
,38,52.22
,36,137.05
,29,2.73
,34,20.78
,29,15.16
,31,3.08
,36,25.24
,38,80.52
,35,40.92
,35,21.42
,38,268.16
,30,6.85
,32,55.63
,29,10.42
,34,44.16
,37,114.83
,34,13.5
,28,4.93
,38,37.64
,32,19.82
,27,3.53
,36,38.03
,34,37.9
,35,21.45
,35,108.59
,35,24.47
,36,32.57
,29,7.25
,27,1.68
,35,107.68
,36,55.78
,37,295.32
,35,46.62
,36,24.82
,32,37.23
,36,347.62
,29,8.75
,34,43.05
,35,94.28
,27,5.32
,35,127.51
,28,2.14
,32,18.06
,36,120.04
,36,44.36
,35,29.8
,33,63.82
,34,19.2
,36,66.93
,34,13.71
,38,136.36
,33,5.78
,34,45.02
,35,305.66
,39,163.49
,38,89.47
,30,13.07
,39,213.38
,36,140.93
,35,89.8
,38,61.6
,35,54.49
,35,46.16
,29,6.33
,36,28.42
,35,35.57
,40,398.71
,30,5.7
,32,10.89
,39,368.82
,34,9.07
,34,26.12
,33,43.74
,37,123.71
,34,63.03
,39,228.94
,42,500
,34,26.13
,32,14.79
,39,122.48
,35,51.19
,31,12.77
,38,167.53
,30,9.75
,30,8.01
,34,46.76
,36,57.45
,37,85.75
,33,25.37
,39,341.81
,33,39.55
,34,92.22999999999999
,35,40.4
,37,149.84
,35,69.89
,33,13.68
,34,53.66
,33,31.74
,38,176.6
,32,31.89
,38,150.22
,33,15.71
,35,84.0
,32,8.43
,35,78.52
,32,22.61
,29,7.55
,30,15.22
,35,61.04
,35,104.85
,36,123.46
,35,18.61
,38,92.05
,31,29.54
,34,28.01
,40,368.18
,32,15.03
,33,17.59
,28,1.35
,25,1.38
,29,3.04
,31,7.55
,31,11.59
,39,179.57999999999998
,36,51.22
,32,21.14
,34,114.99000000000001
,35,102.64
,37,31.72
,36,34.53
,38,99.93
,30,9.32
,39,172.66
,39,436.6
,37,257.28
,37,59.53
,37,315.38
,32,29.27
,36,222.42000000000002
,37,183.14
,32,37.37
,36,143.52
,35,67.34
,39,393.42
,28,0.74
,33,24.85
,39,131.81
,30,11.86
,39,110.2
,33,22.1
,30,18.45
,34,35.16
,36,82.12
,34,24.28
,31,11.24
,33,12.87
,33,23.49
,39,337.55
,39,166.7
,36,199.02
,38,152.46
,37,196.32
,33,51.66
,35,92.28999999999999
,39,203.14
,33,138.81
,40,236.52
,33,72.14
,36,61.1
,36,96.68
,34,66.45
,34,16.12
,37,98.28
,39,133.63
,33,10.16
,35,56.35
,34,30.87
,35,106.47
,35,42.25
,33,41.97
,34,28.4
,38,111.45
,37,66.17
,32,12.4
,36,265.85
,40,423.77
,34,32.74
,36,78.56
,37,61.87
,36,16.99
,36,90.33
,34,27.96
,33,48.32
,32,22.15
,35,97.97
,35,30.29
,32,22.71
,29,2.83
,31,27.3
,35,35.13
,34,20.11
,38,218.69
,35,52.41
,29,4.19
,33,29.92
,28,11.28
,37,178.82
,38,296.51
,33,27.69
,35,36.29
,32,20.84
,30,4.77
,36,184.9
,41,500
,37,136.28
,37,140.35
,34,23.24
,29,5.81
,33,9.37
,30,9.77
,28,11.25
,37,56.51
,33,12.11
,36,144.87
,35,100.00999999999999
,38,196.55
,38,500
,36,50.59
,38,230.43
,36,180.77
,33,16.55
,36,89.65
,30,1.8
,32,33.52
,38,467.65
,33,10.73
,29,5.06
,40,265.53
,31,63.46
,34,59.09
,32,16.53
,36,139.09
,31,40.46
,40,212.85
,33,24.93
,33,42.94
,39,156.42000000000002
,34,36.87
,38,499.26
,38,99.11
,37,158.74
,34,15.21
,40,331.76
,36,81.08
,37,151.6
,33,26.6
,32,38.19
,39,227.04
,31,7.85
,30,4.19
,36,93.3
,39,243.29
,38,57.07
,39,206.79
,33,25.57
,32,34.33
,34,25.33
,38,71.72
,37,188.0
,33,49.55
,33,20.02
,37,250.43
,31,5.25
,38,181.17
,39,165.13
,31,7.07
,37,198.57
,36,86.98
,36,85.03999999999999
,39,210.23
,37,77.32
,28,3.98
,27,1.65
,33,25.59
,30,4.66
,38,88.6
,39,200.85
,38,114.07
,36,50.06
,29,4.85
,32,8.57
,33,8.82
,38,189.22
,32,66.9
,34,20.28
,39,225.06
,37,29.91
,38,500
,38,352.95
,40,410.37
,37,15.31
,39,278.52
,33,47.87
,37,151.41
,37,168.34
,38,107.3
,37,118.49000000000001
,36,72.1
,33,39.61
,34,94.93
,33,33.84
,37,144.35
,39,179.07
,33,124.12
,38,187.15
,34,14.08
,37,104.35
,33,69.55
,36,77.59
,32,17.97
,32,14.1
,42,500
,31,15.83
,37,203.54
,31,4.88
,30,16.43
,35,91.35
,32,24.03
,39,240.63
,32,25.49
,38,354.49
,27,5.34
,35,25.55
,39,500
,38,228.4
,33,98.82
,30,8.32
,34,37.67
,38,48.2
,36,44.84
,35,50.41
,36,61.26
,37,287.28
,33,8.53
,36,153.07999999999998
,36,29.82
,34,119.93
,29,7.3
,37,151.79
,40,276.17
,37,494.8
,31,12.79
,33,22.52
,36,148.49
,35,49.37
,30,6.12
,31,13.46
,31,27.69
,30,11.32
,37,190.65
,32,19.08
,33,47.07
,32,14.25
,26,2.82
,35,101.49000000000001
,33,6.48
,34,95.27000000000001
,36,137.01
,37,87.18
,36,51.96
,33,24.01
,33,12.21
,32,42.26
,37,53.78
,35,106.57
,34,62.01
,34,83.61
,35,50.05
,34,41.58
,31,5.46
,33,70.08
,38,403.73
,33,38.49
,32,9.39
,36,78.94
,35,500
,29,5.83
,35,26.99
,31,35.26
,39,246.83
,38,248.67
,34,25.74
,36,288.15999999999997
,36,119.05
,38,85.86
,36,41.53
,35,21.14
,30,9.07
,32,7.0
,38,155.38
,37,44.84
,37,60.87
,29,8.22
,32,12.17
,38,329.32
,34,11.45
,33,8.62
,34,61.91
,34,21.8
,35,27.45
,36,141.17000000000002
,35,51.1
,35,28.29
,29,7.27
,38,93.72
,33,24.24
,35,34.78
,37,75.78999999999999
,38,267.81
,37,439.19
,34,22.21
,36,41.33
,36,142.29
,35,55.48
,34,99.62
,36,56.41
,34,27.0
,38,226.55
,36,205.39
,33,44.06
,34,50.92
,40,276.87
,38,500
,32,21.11
,34,52.42
,31,6.25
,35,25.14
,35,34.7
,35,72.08
,38,110.65
,30,10.86
,37,26.11
,36,84.9
,38,235.69
,37,303.3
,34,41.67
,31,13.36
,29,9.67
,35,32.11
,38,62.82
,34,27.46
,25,0.79
,34,35.79
,31,27.64
,36,26.34
,36,37.94
,28,7.31
,35,79.15
,38,116.57
,31,32.28
,38,240.22
,38,315.35
,30,12.63
,34,38.99
,35,44.05
,35,79.62
,32,19.47
,36,36.2
,34,20.45
,32,7.41
,34,48.27
,31,7.24
,36,112.03
,32,11.28
,35,47.82
,36,26.2
,37,163.7
,32,38.18
,36,68.03999999999999
,33,26.34
,37,85.34
,37,181.89
,30,16.18
,30,50.3
,37,101.75999999999999
,36,89.78999999999999
,38,479.12
,32,21.31
,37,132.42
,33,32.98
,39,115.18
,36,100.75999999999999
,39,500
,36,118.84
,35,66.34
,30,12.59
,33,18.35
,33,149.4
,31,1.34
,35,42.61
,33,11.97
,36,74.71000000000001
,40,500
,37,36.28
,39,500
,33,25.82
,39,427.29
,39,225.6
,38,321.01
,37,27.96
,39,500
,39,278.57
,36,66.22
,32,18.58
,34,58.43
,28,16.21
,32,54.26
,37,103.5
,32,12.57
,27,5.31
,36,165.72
,38,53.33
,37,26.39
,33,4.53
,36,59.2
,33,43.38
,34,30.04
,36,52.61
,36,185.71
,36,57.38
,37,178.51
,39,196.88
,39,124.89
,31,26.75
,31,8.83
,37,76.51
,32,13.44
,35,36.78
,37,97.88
,32,28.13
,32,11.16
,32,38.13
,37,85.83
,36,94.91
,35,64.09
,37,187.6
,31,7.91
,32,8.07
,36,37.21
,35,33.17
,30,12.16
,29,13.45
,27,4.05
,34,34.5
,30,3.84
,36,64.22
,35,72.33
,37,71.43
,39,99.55
,35,49.94
,31,7.47
,39,121.54
,36,75.24
,33,57.1
,35,37.99
,30,6.35
,36,47.06
,34,156.57999999999998
,37,317.67
,34,50.88
,31,35.23
,28,2.67
,33,34.64
,33,12.43
,31,9.95
,32,8.38
,30,8.37
,29,17.33
,30,3.42
,36,37.47
,38,87.87
,34,39.26
,37,178.53
,38,170.2
,30,7.31
,37,187.66
,36,96.35
,33,24.55
,31,15.54
,37,53.66
,38,89.55
,31,7.26
,35,28.54
,37,67.46
,28,6.01
,38,65.47
,30,4.41
,34,32.36
,38,74.3
,39,130.73
,40,405.25
,27,2.63
,34,39.68
,33,31.58
,37,82.3
,31,13.6
,36,96.42
,36,249.61
,34,13.33
,28,5.71
,36,152.86
,38,126.46
,37,49.57
,37,500
,31,4.92
,32,33.91
,31,6.27
,26,2.34
,35,39.48
,31,10.62
,28,5.41
,36,42.76
,35,63.6
,32,6.16
,33,21.92
,38,134.24
,30,22.3
,39,123.08
,34,83.85
,34,14.24
,35,44.74
,34,28.4
,35,76.6
,35,87.69
,36,356.57
,34,25.1
,38,269.24
,33,48.35
,35,26.54
,34,26.37
,34,33.8
,36,47.98
,31,14.1
,36,43.99
,28,1.09
,31,10.72
,38,263.88
,34,57.9
,29,12.53
,34,18.52
,37,36.49
,32,14.59
,39,302.38
,36,81.84
,32,7.76
,36,247.85
,32,10.24
,36,92.47999999999999
,34,34.14
,29,6.77
,32,7.74
,34,55.71
,28,4.44
,30,10.8
,31,5.84
,35,32.63
,30,5.62
,37,71.03999999999999
,39,186.36
,29,24.92
,32,37.63
,33,29.79
,37,178.96
,32,17.82
,29,13.07
,28,6.12
,33,46.74
,32,5.51
,33,15.77
,36,28.1
,32,20.56
,38,210.13
,32,19.45
,29,4.82
,38,224.1
,38,500
,32,34.88
,31,27.11
,34,43.99
,37,164.79
,32,14.63
,36,93.33
,38,159.6
,33,23.44
,30,15.56
,33,48.72
,32,16.54
,36,66.21
,34,25.15
,36,74.2
,35,42.73
,33,20.82
,33,17.67
,31,26.45
,37,81.6
,38,131.77
,33,45.86
,37,60.65
,40,308.77
,37,39.86
,39,107.17
,36,81.74
,36,94.37
,30,9.98
,33,9.32
,38,158.36
,33,23.44
,29,28.4
,39,297.62
,36,455.95
,37,254.76
,36,119.05
,32,17.16
,35,36.9
,34,90.7
,37,295.46
,33,27.45
,27,2.11
,32,35.56
,36,26.5
,33,13.48
,34,39.88
,35,51.58
,35,21.76
,28,12.83
,33,16.19
,26,0.68
,31,10.31
,38,121.28
,28,3.85
,36,85.55
,38,157.93
,39,94.17
,36,48.61
,30,7.95
,34,21.61
,36,58.46
,39,500
,37,305.74
,35,88.61
,34,51.47
,34,41.22
,35,98.39
,31,8.62
,35,37.52
,38,70.68
,34,64.48
,32,26.25
,38,179.39
,32,8.46
,38,127.73
,33,23.32
,33,26.86
,38,144.37
,37,148.65
,38,189.87
,33,20.42
,34,62.49
,38,117.36
,26,3.82
,38,284.65999999999997
,39,84.48
,36,154.89
,37,56.76
,30,17.37
,34,28.01
,34,90.68
,38,122.71
,35,78.63
,34,72.49
,34,27.97
,39,122.43
,31,11.24
,37,83.9
,39,226.01
,38,193.89
,36,281.32
,37,296.28
,39,382.26
,34,19.19
,35,33.02
,36,21.79
,33,7.0
,34,32.91
,35,70.18
,40,192.12
,30,5.72
,33,30.04
,35,58.41
,36,68.44
,32,41.49
,32,9.72
,36,46.87
,30,8.95
,34,20.41
,35,145.99
,32,32.21
,33,9.06
,35,91.65
,28,18.68
,34,67.78
,35,55.84
,34,15.09
,37,342.7
,33,58.32
,30,5.95
,30,8.55
,31,5.28
,39,193.4
,32,13.41
,38,276.73
,35,12.17
,33,31.27
,33,42.25
,38,44.01
,34,31.49
,37,52.29
,38,129.12
,29,4.89
,31,10.15
,34,41.44
,36,72.8
,30,5.47
,37,463.07
,35,59.42
,30,6.26
,33,26.94
,32,31.46
,37,124.93
,37,172.87
,37,254.87
,25,1.32
,32,4.32
,32,30.23
,35,47.83
,36,90.58
,37,117.75
,37,101.43
,29,2.34
,33,44.12
,33,8.73
,29,1.15
,29,3.05
,34,68.03999999999999
,27,3.27
,29,4.06
,32,35.58
,31,2.65
,33,28.57
,39,81.17
,38,112.0
,29,14.6
,28,6.98
,36,98.35
,31,4.04
,35,83.08
,35,133.08
,31,19.89
,32,9.99
,30,9.34
,35,51.97
,32,5.82
,38,500
,30,3.17
,34,25.39
,35,44.12
,36,235.38
,36,116.62
,36,105.75
,33,39.36
,34,68.89
,34,62.44
,39,39.68
,34,116.88
,30,8.15
,37,230.99
,32,2.93
,38,266.5
,36,98.61
,33,6.23
,37,44.52
,30,20.33
,35,49.04
,35,39.69
,35,95.57
,34,26.88
,36,51.59
,31,1.28
,38,125.58
,35,34.87
,36,500
,30,3.0
,34,63.71
,30,10.01
,39,249.63
,34,85.63
,30,12.68
,33,32.72
,31,10.58
,31,9.0
,36,87.38
,33,9.64
,33,25.24
,30,25.95
,33,36.47
,36,72.78
,37,292.65999999999997
,33,35.09
,31,6.64
,37,84.94
,38,361.24
,29,8.6
,35,35.46
,31,10.93
,37,70.86
,38,212.79
,30,3.12
,37,408.38
,35,63.72
,36,103.62
,32,12.64
,35,49.72
,36,65.27
,34,31.76
,37,53.56
,32,9.83
,36,155.31
,33,21.68
,37,72.47
,30,6.52
,32,7.44
,31,35.12
,35,29.74
,37,53.95
,34,46.67
,31,22.09
,36,61.08
,38,86.59
,36,77.36
,39,278.43
,37,176.72
,32,8.55
,38,440.54
,31,22.54
,33,30.33
,39,129.15
,31,9.48
,31,25.65
,31,15.66
,35,27.18
,31,15.83
,34,24.93
,36,63.41
,38,271.04
,35,23.65
,37,134.0
,31,31.62
,35,49.21
,30,9.86
,29,1.58
,27,3.72
,32,12.95
,32,16.9
,35,120.28
,35,54.26
,34,31.05
,32,16.29
,29,5.73
,31,9.5
,34,51.65
,37,84.53
,33,10.65
,32,19.17
,37,204.7
,35,17.05
,31,8.42
,32,21.39
,37,77.23
,30,8.47
,38,193.58
,28,7.21
,34,38.55
,40,171.02
,35,95.17
,37,57.16
,31,21.35
,38,137.97
,29,1.61
,37,334.86
,32,24.42
,37,78.11
,33,52.5
,38,362.73
,27,2.03
,39,253.95
,34,76.02
,39,213.5
,31,26.81
,31,15.05
,38,194.24
,37,18.48
,36,151.31
,31,18.09
,33,8.93
,34,77.57
,34,23.55
,35,10.58
,34,75.98
,30,5.8
,28,4.4
,31,7.11
,39,197.03
,37,42.54
,36,68.18
,37,116.46000000000001
,37,159.77
,35,14.38
,31,17.13
,34,19.93
,33,21.58
,37,117.88
,30,9.03
,34,32.81
,31,38.19
,38,71.23
,34,74.23
,35,62.66
,35,44.81
,39,123.31
,36,83.1
,31,5.94
,32,26.37
,37,114.78
,31,33.83
,39,124.83
,40,363.87
,36,47.77
,31,8.12
,34,30.46
,29,6.56
,38,164.29
,37,93.94
,35,30.33
,34,31.21
,34,43.48
,34,65.19
,38,86.63
,33,27.17
,36,232.19
,37,82.78999999999999
,36,46.0
,35,51.53
,41,389.98
,35,19.83
,34,16.4
,36,86.2
,32,17.11
,32,17.39
,30,4.25
,34,12.07
,30,4.04
,40,213.98
,37,48.72
,30,3.38
,35,19.47
,31,19.48
,33,32.06
,29,6.38
,35,101.05
,38,240.53
,37,124.56
,36,74.05
,33,102.81
,37,67.73
,40,500
,30,23.57
,35,35.28
,38,160.86
,29,2.2
,38,256.66
,35,91.73
,36,184.99
,35,73.55
,40,500
,37,75.45
,41,344.1
,37,201.4
,31,14.13
,38,32.76
,33,8.29
,36,71.61
,35,18.54
,34,25.8
,38,371.51
,38,114.95
,35,45.52
,41,500
,29,9.87
,36,177.96
,40,407.55
,37,112.59
,37,65.22
,31,5.31
,34,21.74
,30,10.27
,35,56.04
,36,45.0
,28,8.1
,30,17.91
,38,182.53
,33,14.51
,29,1.45
,37,120.98
,34,29.29
,33,49.85
,33,28.43
,34,84.62
,34,22.51
,36,53.71
,33,12.49
,37,285.07
,36,57.68
,39,118.44
,30,36.95
,32,10.21
,37,111.78999999999999
,36,56.39
,34,36.84
,34,99.37
,33,10.68
,32,26.77
,30,9.66
,35,65.16
,38,42.3
,36,259.44
,32,19.89
,42,388.45
,36,85.27
,35,28.64
,40,365.94
,38,181.2
,29,5.45
,36,174.65
,28,10.52
,36,99.0
,36,110.55
,33,29.81
,36,137.12
,35,94.52000000000001
,37,148.77
,38,104.87
,38,455.36
,33,33.26
,29,13.24
,31,21.5
,32,25.52
,34,104.97999999999999
,32,11.81
,39,345.64
,37,479.19
,37,71.46000000000001
,33,54.95
,30,5.78
,35,42.76
,35,12.92
,32,44.32
,30,10.69
,34,30.73
,39,145.66
,34,19.81
,33,58.58
,33,25.12
,37,180.26
,34,21.28
,29,5.67
,31,1.63
,36,104.93
,32,6.3
,36,51.88
,38,56.39
,34,24.52
,31,23.85
,30,3.46
,31,8.27
,39,287.78
,32,6.39
,33,28.61
,33,29.17
,36,63.34
,37,110.68
,37,134.43
,39,249.44
,35,145.19
,32,22.86
,29,7.71
,40,257.67
,35,51.56
,39,253.9
,36,78.55
,29,2.26
,40,203.19
,35,72.76
,35,23.51
,34,11.49
,30,10.86
,32,14.03
,33,20.8
,35,11.1
,35,55.18
,37,97.67
,39,162.44
,32,30.66
,26,0.44
,35,34.34
,38,126.36
,37,114.56
,34,26.04
,32,16.29
,38,155.56
,29,1.68
,37,172.2
,37,28.79
,37,87.45
,35,25.02
,29,28.95
,30,18.12
,31,14.53
,33,39.13
,36,83.85
,32,15.26
,31,17.17
,37,43.8
,31,15.85
,32,21.08
,35,52.42
,37,63.87
,40,369.26
,32,32.36
,33,42.16
,35,90.28
,31,11.74
,35,35.16
,33,34.13
,34,31.43
,29,8.88
,33,21.91
,33,34.78
,37,120.5
,36,48.1
,31,17.15
,32,13.62
,32,4.93
,35,124.65
,38,51.72
,29,4.96
,32,26.49
,29,2.15
,31,8.2
,35,191.18
,33,60.21
,35,61.22
,35,8.68
,36,112.16
,38,495.63
,37,66.73
,34,50.35
,33,53.13
,39,291.3
,31,27.99
,31,4.78
,41,214.39
,30,5.27
,34,60.18
,30,1.64
,34,59.77
,31,5.08
,39,111.12
,34,29.35
,33,9.84
,36,94.78999999999999
,36,339.3
,33,14.13
,36,207.99
,30,15.04
,32,52.22
,36,75.56
,38,500
,34,102.47999999999999
,34,50.79
,33,45.06
,36,79.16
,35,63.88
,35,112.67
,30,8.74
,36,45.79
,36,63.23
,34,145.49
,38,161.86
,35,31.36
,34,81.87
,31,11.31
,34,82.47
,28,14.42
,40,84.41
,33,42.71
,29,14.33
,30,18.74
,36,188.98
,30,22.1
,37,130.99
,35,52.74
,35,69.97
,31,44.09
,40,123.51
,33,64.62
,38,244.75
,31,9.92
,28,4.61
,39,104.9
,35,7.08
,40,468.03
,34,15.56
,35,122.69
,36,115.75
,32,17.06
,33,9.21
,34,40.74
,34,14.92
,35,30.2
,29,2.19
,37,100.59
,26,1.2
,37,69.59
,37,118.75
,30,14.63
,41,500
,32,36.89
,29,3.77
,33,16.23
,33,23.71
,36,116.24000000000001
,37,500
,31,44.47
,34,31.93
,36,95.92
,38,310.3
,37,81.17
,28,6.4
,38,123.65
,36,69.06
,34,39.66
,33,10.6
,37,97.46000000000001
,32,60.08
,37,342.84000000000003
,34,22.83
,37,28.92
,38,167.6
,35,93.95
,36,288.44
,35,82.58
,37,100.09
,37,139.53
,31,11.82
,39,268.99
,31,4.06
,39,400.79
,35,106.5
,38,500
,33,24.87
,39,171.41
,35,125.61
,31,14.86
,29,3.61
,34,46.84
,37,246.62
,32,22.02
,33,12.39
,30,27.84
,36,197.96
,33,66.74
,37,174.09
,32,15.36
,33,15.95
,35,168.84
,31,4.5
,37,207.23
,31,48.67
,36,38.53
,39,49.0
,31,20.31
,38,259.26
,37,75.64
,37,47.75
,40,500
,30,4.19
,33,64.63
,29,15.32
,32,17.01
,34,26.59
,33,40.39
,36,57.6
,37,37.59
,28,1.56
,31,20.36
,37,44.67
,33,30.95
,34,100.64
,33,16.23
,33,27.93
,37,143.94
,32,29.15
,33,6.26
,38,123.24
,38,340.51
,41,266.69
,37,28.71
,31,10.44
,33,40.6
,38,129.88
,35,183.11
,32,12.35
,36,64.18
,34,80.03
,38,177.76
,34,22.9
,37,318.24
,33,40.35
,37,148.72
,30,10.84
,36,29.03
,35,36.92
,32,52.99
,31,15.71
,31,9.03
,34,2.63
,35,26.8
,33,17.76
,33,29.81
,35,240.16
,39,105.97999999999999
,36,90.26
,32,23.86
,35,23.17
,39,144.7
,31,6.79
,32,20.49
,30,3.57
,35,24.39
,32,73.87
,33,48.32
,33,61.61
,28,6.43
,39,97.03999999999999
,35,51.46
,37,82.96000000000001
,38,210.22
,33,11.23
,37,140.46
,37,101.25999999999999
,33,18.99
,38,89.44
,38,39.94
,36,23.74
,37,65.16
,33,26.98
,39,110.85
,33,28.03
,32,21.71
,35,88.62
,36,164.85
,34,55.88
,42,213.91
,29,8.08
,33,22.56
,30,8.16
,34,60.67
,31,15.44
,33,10.26
,34,25.82
,33,38.9
,36,100.71000000000001
,39,111.97
,33,56.31
,39,500
,36,108.6
,31,8.59
,33,34.38
,33,16.45
,37,376.23
,37,110.12
,34,8.31
,30,19.89
,30,21.35
,36,56.48
,31,5.65
,37,62.62
,35,24.55
,37,60.69
,31,19.7
,36,136.8
,30,3.23
,37,67.26
,37,111.25
,36,45.21
,35,148.13
,30,13.63
,34,91.21000000000001
,39,316.95
,32,115.22999999999999
,34,27.29
,27,2.84
,32,19.0
,36,52.74
,35,15.96
,37,161.04
,29,4.3
,34,41.07
,36,31.14
,32,6.98
,32,14.91
,30,24.31
,34,16.85
,32,6.88
,37,40.81
,31,8.38
,30,3.0
,38,273.90999999999997
,36,90.35
,31,12.54
,38,227.2
,38,38.79
,38,100.09
,35,29.32
,33,27.22
,41,376.03
,30,23.0
,30,1.96
,36,134.55
,32,9.71
,37,56.03
,34,63.91
,36,160.7
,31,22.8
,33,71.86
,33,29.34
,38,345.19
,32,13.52
,32,12.35
,34,62.98
,35,29.95
,38,203.71
,37,117.21000000000001
,33,25.91
,36,57.27
,29,10.88
,36,154.11
,36,131.44
,37,209.81
,32,22.67
,36,136.46
,38,338.77
,35,133.93
,38,68.66
,34,60.08
,34,37.03
,38,327.11
,31,10.99
,38,140.88
,29,5.59
,34,47.31
,28,1.91
,36,57.55
,28,3.13
,37,70.37
,37,87.27
,30,7.26
,36,65.26
,36,78.81
,40,175.97
,34,33.63
,35,47.54
,39,347.85
,34,49.2
,30,7.87
,37,27.73
,28,4.43
,32,40.59
,30,33.65
,37,362.24
,35,20.51
,37,149.82999999999998
,32,7.94
,37,120.04
,34,31.19
,32,6.26
,34,140.01
,38,264.68
,32,10.63
,27,4.22
,29,6.39
,32,4.92
,38,245.3
,32,8.98
,36,84.07
,34,48.03
,37,147.31
,31,5.2
,36,18.23
,35,37.83
,38,198.12
,30,7.84
,27,3.86
,40,193.59
,36,67.6
,40,331.77
,31,3.84
,38,311.28
,32,5.19
,36,96.78
,33,9.96
,38,185.54
,34,15.94
,37,124.93
,38,258.87
,36,50.31
,35,65.81
,31,25.37
,37,223.43
,34,13.04
,31,7.57
,35,21.71
,34,50.93
,30,36.06
,35,41.47
,34,18.82
,36,86.7
,34,37.52
,34,54.23
,31,12.77
,34,145.88
,31,31.41
,35,122.37
,37,114.47999999999999
,37,95.97
,31,8.89
,31,15.86
,31,7.57
,33,5.07
,36,39.91
,39,500
,30,18.17
,34,112.36
,36,39.8
,39,196.76
,34,108.06
,30,13.19
,38,189.45
,38,140.97
,38,155.43
,38,288.32
,37,154.55
,31,21.59
,33,15.55
,33,11.36
,38,81.73
,35,43.91
,38,81.52
,36,68.44
,36,197.09
,36,67.83
,35,30.51
,30,13.78
,34,28.22
,32,45.39
,34,12.18
,35,224.32999999999998
,37,89.88
,36,38.32
,34,105.3
,35,63.76
,37,84.13
,39,128.53
,32,47.08
,30,3.25
,36,82.53
,34,8.12
,35,27.24
,34,96.45
,31,11.96
,37,351.67
,39,183.85
,37,51.31
,35,73.96000000000001
,31,7.76
,30,11.53
,35,59.98
,37,126.45
,38,127.48
,38,104.68
,36,63.26
,39,248.09
,32,33.48
,37,165.6
,31,12.46
,33,43.69
,28,2.45
,29,19.92
,35,83.12
,31,8.37
,37,158.38
,42,500
,36,80.59
,34,46.62
,34,31.23
,31,28.75
,31,37.86
,39,385.8
,33,32.64
,36,70.05
,38,281.35
,33,51.46
,35,174.74
,36,101.77000000000001
,31,14.14
,39,320.99
,38,144.47
,31,13.29
,35,50.32
,40,381.64
,36,46.37
,37,175.04
,35,92.75999999999999
,31,70.12
,38,88.1
,36,83.47
,30,8.76
,37,71.33
,32,60.2
,36,28.84
,32,6.53
,33,24.85
,37,43.34
,31,13.57
,36,155.29
,32,9.97
,35,167.79
,33,13.01
,29,8.91
,30,27.7
,30,8.29
,31,6.42
,32,14.55
,37,162.39
,31,4.33
,38,194.35
,33,21.95
,36,73.69
,37,52.52
,29,9.85
,33,13.65
,32,30.99
,34,8.8
,37,33.0
,36,147.56
,36,27.61
,34,49.54
,33,17.24
,32,18.17
,29,20.39
,32,5.22
,35,48.35
,38,79.2
,32,204.13
,33,21.84
,33,34.81
,30,1.38
,31,21.39
,28,3.96
,32,23.99
,32,10.5
,36,178.93
,34,48.94
,32,55.09
,30,10.96
,35,216.32999999999998
,35,63.69
,31,16.75
,31,14.3
,37,20.08
,30,11.43
,34,85.43
,34,37.88
,34,34.82
,29,10.72
,30,20.79
,33,41.75
,32,11.17
,34,64.81
,34,18.46
,27,8.43
,33,25.26
,37,65.15
,39,405.97
,32,18.03
,37,229.57999999999998
,35,15.0
,33,18.45
,33,84.88
,38,250.33
,37,228.42000000000002
,38,69.11
,31,6.35
,30,7.8
,30,7.45
,35,44.91
,35,43.74
,36,280.99
,35,25.26
,33,25.47
,34,151.02
,31,12.65
,31,22.65
,33,13.48
,34,39.28
,35,43.85
,38,232.52
,30,12.61
,35,84.61
,29,3.22
,38,196.7
,34,98.14
,34,57.92
,28,1.77
,34,7.29
,35,40.44
,37,83.69
,31,10.48
,35,57.04
,27,4.82
,33,18.76
,36,67.77
,36,23.02
,37,45.74
,36,137.18
,37,495.94
,38,95.1
,37,285.21
,34,25.43
,32,9.58
,32,25.56
,29,5.87
,33,44.89
,30,27.35
,34,95.99000000000001
,36,172.67000000000002
,37,118.82
,36,182.94
,33,40.18
,34,16.08
,36,77.27
,36,36.52
,38,304.89
,34,42.33
,39,312.67
,30,17.42
,35,47.19
,29,9.11
,32,29.4
,35,14.1
,29,5.3
,30,5.2
,33,15.85
,35,40.77
,35,100.75999999999999
,32,14.79
,33,8.75
,34,46.01
,37,142.86
,35,47.45
,34,41.56
,31,48.26
,35,17.89
,36,75.76
,33,36.31
,29,4.69
,32,5.93
,29,15.16
,37,55.19
,32,1.61
,38,168.73
,38,404.6
,38,184.78
,36,33.67
,38,123.8
,37,128.23
,38,84.58
,38,118.99000000000001
,39,156.34
,33,14.01
,36,33.17
,36,25.63
,32,12.81
,32,6.41
,29,3.48
,35,136.03
,33,34.68
,35,167.39
,39,379.92
,30,11.3
,37,99.08
,34,24.55
,33,57.67
,34,11.67
,37,63.78
,32,28.85
,32,108.77000000000001
,38,151.82999999999998
,35,41.03
,37,500
,32,17.45
,37,85.18
,34,80.11
,32,13.65
,34,47.85
,29,4.26
,37,120.5
,39,218.54
,36,78.03999999999999
,31,3.66
,34,70.88
,35,53.7
,35,78.16
,37,81.57
,31,13.73
,40,500
,31,42.47
,35,44.56
,36,29.67
,31,8.5
,35,31.11
,34,53.6
,31,4.51
,33,48.33
,36,45.61
,32,25.38
,36,81.94
,35,33.0
,39,180.95
,37,339.26
,39,331.97
,39,105.85
,33,77.23
,30,5.51
,29,15.04
,35,38.91
,37,148.65
,32,14.68
,36,105.3
,32,30.74
,37,113.45
,38,500
,32,10.89
,36,31.3
,35,146.61
,31,6.15
,38,201.38
,35,165.24
,36,36.13
,31,11.66
,30,12.04
,29,15.47
,32,34.65
,35,57.0
,31,23.47
,36,159.93
,31,20.38
,34,75.66
,37,163.21
,37,132.9
,35,138.05
,38,81.45
,31,27.07
,37,500
,37,145.65
,33,30.49
,37,117.22999999999999
,37,500
,34,65.36
,33,70.18
,36,126.28
,35,65.16
,39,149.34
,30,6.52
,31,25.9
,33,7.88
,39,359.33
,36,62.96
,37,84.53
,32,11.6
,35,34.26
,33,23.5
,36,48.95
,38,187.19
,31,17.78
,38,266.61
,38,298.67
,39,71.71000000000001
,40,179.35
,33,61.08
,36,62.35
,32,27.15
,33,33.38
,30,13.25
,34,48.78
,36,44.9
,34,17.0
,39,84.44
,32,12.65
,31,13.14
,35,91.93
,34,12.92
,38,168.04
,34,37.87
,25,1.8
,31,15.83
,35,110.41
,38,100.88
,35,31.13
,33,61.3
,35,33.75
,34,27.74
,35,27.27
,37,149.59
,41,500
,36,48.39
,36,213.34
,35,87.24
,33,28.3
,30,10.41
,33,20.35
,37,100.46000000000001
,35,117.86
,34,58.3
,36,75.64
,33,20.41
,36,31.38
,34,37.99
,37,138.95
,33,29.39
,39,500
,31,56.1
,32,12.05
,36,42.4
,33,138.72
,39,500
,33,59.91
,32,15.6
,38,172.74
,34,33.83
,29,8.84
,38,62.86
,40,351.63
,28,11.45
,35,53.03
,35,53.76
,31,21.97
,37,164.55
,32,19.06
,37,45.32
,31,8.98
,40,214.14
,31,8.41
,38,382.73
,37,43.91
,29,11.93
,38,120.81
,33,38.56
,28,5.45
,30,17.81
,38,145.17000000000002
,35,125.14
,33,24.64
,35,18.55
,36,47.94
,31,23.01
,34,92.2
,39,364.53
,28,4.9
,35,28.0
,34,20.33
,38,500
,37,81.93
,36,68.11
,29,4.14
,37,373.68
,35,66.39
,35,43.28
,33,23.13
,34,33.87
,34,17.13
,35,37.3
,33,18.88
,37,68.78999999999999
,35,39.34
,32,12.05
,40,150.91
,34,29.15
,39,130.17
,39,118.93
,31,15.71
,36,65.53
,38,192.01
,29,4.49
,33,48.75
,30,19.43
,28,12.2
,34,104.62
,35,63.56
,35,45.97
,37,89.28
,37,302.25
,34,48.37
,37,61.06
,39,115.61
,36,92.00999999999999
,33,43.47
,38,32.74
,35,42.53
,39,119.28
,30,1.99
,31,8.5
,29,2.76
,33,11.21
,35,68.25
,39,91.12
,33,50.6
,34,97.2
,36,209.25
,33,28.66
,27,4.67
,34,48.14
,34,31.03
,30,3.12
,40,500
,39,117.12
,34,32.74
,33,51.48
,38,492.44
,31,3.76
,40,178.32
,37,32.28
,30,4.65
,35,117.50999999999999
,36,122.48
,35,71.77
,34,36.67
,34,30.58
,30,4.52
,37,11.03
,31,34.62
,31,6.19
,40,266.48
,30,16.37
,31,6.85
,37,116.21000000000001
,37,51.17
,36,53.34
,33,14.42
,37,416.84000000000003
,33,21.24
,39,259.37
,33,19.11
,30,6.63
,37,110.13
,36,250.82
,31,3.69
,34,69.6
,36,70.03999999999999
,39,117.86
,37,124.96
,37,79.26
,37,69.55
,34,47.39
,35,48.34
,37,212.25
,33,7.34
,35,44.54
,38,76.09
,38,140.52
,32,5.19
,33,31.44
,36,103.31
,30,15.38
,30,9.42
,37,115.58
,34,42.45
,35,51.86
,37,114.8
,32,20.07
,40,236.07999999999998
,29,6.86
,39,264.44
,39,144.16
,33,14.35
,39,194.85
,32,42.99
,33,40.44
,31,1.63
,29,1.77
,32,51.62
,38,188.15
,34,116.25999999999999
,39,500
,35,37.81
,34,9.53
,29,6.46
,34,83.61
,42,221.41
,35,133.33
,37,411.23
,29,14.71
,38,130.17
,39,264.79
,35,18.26
,37,73.23
,35,45.85
,35,20.78
,37,166.63
,38,488.75
,38,176.66
,31,12.36
,38,169.91
,29,4.9
,34,33.84
,36,89.81
,38,86.7
,37,347.95
,37,67.18
,29,5.21
,38,87.09
,33,44.19
,37,154.82
,32,9.09
,38,258.0
,37,82.17
,37,171.81
,36,65.64
,36,111.46000000000001
,37,72.24
,38,436.53
,39,393.47
,39,336.69
,34,113.95
,30,6.11
,36,31.85
,36,52.0
,32,49.04
,36,149.52
,39,85.0
,39,153.52
,34,106.11
,33,41.39
,36,114.37
,39,177.47
,39,277.96
,32,9.79
,36,108.2
,30,14.2
,38,119.37
,37,50.54
,32,25.73
,40,294.52
,34,53.42
,33,27.21
,39,369.05
,30,12.72
,33,46.44
,32,8.48
,36,46.32
,38,170.11
,34,37.63
,37,186.95
,38,41.69
,37,83.07
,37,54.95
,32,10.41
,29,9.13
,35,68.32
,33,21.4
,29,7.28
,31,30.65
,35,69.28
,34,13.67
,34,31.98
,38,188.08
,30,25.97
,33,11.94
,38,184.0
,33,10.79
,32,13.69
,38,216.06
,33,22.82
,33,8.47
,31,4.34
,39,128.65
,37,111.03
,36,103.59
,30,20.86
,33,19.01
,38,172.97
,31,10.05
,33,14.61
,37,141.42000000000002
,30,6.38
,39,70.34
,37,197.14
,39,500
,35,133.02
,34,60.04
,34,46.05
,38,144.65
,34,29.79
,32,9.47
,33,30.36
,35,223.35
,35,80.76
,37,106.22999999999999
,34,128.87
,32,19.35
,30,33.01
,31,2.74
,34,21.35
,30,17.72
,38,117.47
,33,40.57
,31,4.21
,36,45.71
,37,193.02
,33,68.05
,36,157.13
,36,115.5
,31,19.73
,38,130.56
,30,17.86
,39,237.79
,37,223.09
,35,80.77
,37,88.17
,34,62.7
,34,36.21
,38,165.67000000000002
,34,112.24000000000001
,38,253.73
,33,16.78
,34,38.73
,34,43.62
,35,63.31
,37,66.83
,32,14.08
,38,153.95
,39,129.05
,37,101.19
,37,41.94
,36,156.73
,36,24.96
,30,4.9
,35,25.26
,33,29.15
,32,29.76
,38,227.95
,28,1.17
,27,1.96
,38,283.38
,36,36.56
,41,226.44
,36,31.56
,37,169.27
,40,500
,36,32.91
,33,37.27
,33,22.91
,35,72.44
,36,35.66
,36,51.91
,39,169.07999999999998
,35,43.3
,31,5.11
,38,98.24000000000001
,39,500
,31,14.83
,34,91.68
,32,10.07
,32,9.58
,31,12.82
,31,3.85
,27,1.59
,37,170.66
,37,77.96000000000001
,28,16.68
,37,106.58
,39,172.26
,30,9.32
,34,35.77
,31,11.41
,32,8.44
,30,6.22
,34,25.11
,32,22.83
,31,15.18
,40,320.96
,31,4.34
,33,10.04
,30,1.68
,32,33.42
,28,4.62
,31,9.84
,38,278.18
,33,25.76
,33,29.51
,34,55.27
,36,114.84
,37,106.71000000000001
,33,11.17
,29,3.29
,36,86.59
,36,59.03
,32,13.29
,37,301.71
,34,21.68
,39,351.25
,32,36.31
,41,500
,36,53.03
,33,40.51
,31,9.86
,30,15.68
,29,11.93
,37,129.53
,32,8.79
,34,21.02
,35,19.52
,33,41.16
,40,137.16
,39,481.54
,39,68.7
,36,321.5
,35,29.24
,29,17.96
,32,10.73
,37,113.36
,31,33.19
,32,30.75
,32,7.12
,38,165.82
,34,34.99
,36,49.53
,37,412.59000000000003
,36,154.57999999999998
,37,500
,33,9.64
,40,259.84
,36,119.27000000000001
,30,5.48
,38,68.86
,32,42.38
,24,0.7
,32,11.02
,33,53.6
,38,402.42
,34,73.69
,36,58.76
,40,397.69
,34,68.9
,33,18.41
,30,7.75
,37,44.3
,31,18.11
,38,121.16
,33,30.63
,33,30.42
,29,3.34
,31,23.59
,36,62.2
,35,66.19
,34,31.62
,33,31.33
,37,188.18
,34,18.37
,33,37.7
,37,58.53
,39,242.0
,32,90.93
,30,26.56
,36,97.97999999999999
,33,32.96
,34,16.05
,36,99.85
,37,91.31
,32,7.76
,39,322.92
,31,17.89
,30,19.02
,30,2.65
,31,6.35
,37,67.27
,29,3.23
,36,77.78
,40,500
,35,199.23
,36,55.84
,29,1.09
,32,20.19
,34,45.55
,33,29.04
,35,46.57
,31,5.23
,38,399.15
,35,60.25
,39,169.02
,37,97.87
,37,427.86
,28,3.74
,36,35.77
,29,11.84
,30,15.31
,40,430.26
,40,211.38
,28,4.97
,37,120.11
,35,38.09
,33,54.64
,37,137.16
,34,51.48
,37,475.76
,34,61.65
,36,296.90999999999997
,34,40.46
,28,5.64
,37,45.83
,38,159.43
,31,4.05
,37,133.55
,33,28.69
,35,33.62
,38,61.28
,37,173.62
,33,52.19
,33,23.88
,32,15.6
,38,101.21000000000001
,36,158.94
,33,20.66
,32,25.82
,33,21.26
,36,201.48
,30,14.61
,36,51.9
,35,58.73
,34,65.94
,37,146.61
,36,99.72999999999999
,32,20.38
,38,337.65999999999997
,40,49.74
,37,230.75
,34,53.4
,32,39.88
,29,0.9
,35,49.04
,32,17.84
,33,34.68
,31,25.85
,37,68.57
,33,23.56
,33,36.31
,38,141.03
,31,25.57
,31,17.07
,37,186.56
,35,31.78
,34,32.89
,31,6.47
,31,32.85
,38,296.62
,33,17.67
,37,51.68
,34,30.15
,37,95.41
,29,6.16
,36,119.87
,34,36.34
,35,111.84
,29,8.31
,40,500
,35,85.28
,37,130.59
,36,64.72
,37,197.13
,39,173.87
,31,38.81
,32,3.29
,31,6.25
,36,92.59
,27,3.22
,33,14.29
,31,2.54
,30,5.83
,33,11.15
,36,12.17
,36,72.26
,35,27.08
,33,36.27
,35,92.24000000000001
,33,18.54
,33,18.52
,29,2.23
,34,35.58
,34,35.3
,33,21.27
,29,10.2
,37,48.23
,41,500
,38,114.45
,31,42.96
,35,41.38
,38,100.65
,33,18.06
,35,28.27
,35,176.95
,33,13.92
,37,180.75
,35,35.98
,34,80.07
,33,67.22
,32,20.06
,34,15.63
,31,39.35
,30,14.71
,33,10.94
,37,318.43
,32,14.62
,36,78.31
,28,2.18
,32,28.49
,30,8.43
,33,33.44
,35,84.45
,35,79.25
,33,177.45
,37,56.12
,35,254.53
,35,27.43
,36,78.73
,35,86.25
,34,57.47
,40,136.41
,32,42.04
,30,6.73
,36,26.85
,29,6.82
,32,7.91
,38,131.66
,38,487.43
,38,106.46000000000001
,37,60.65
,36,51.53
,27,6.61
,33,32.86
,31,10.2
,35,129.09
,39,435.38
,41,164.66
,28,7.03
,31,20.68
,31,6.18
,38,267.36
,37,72.02
,37,91.14
,31,36.55
,36,91.51
,37,90.63
,32,25.98
,38,92.15
,37,349.95
,35,55.81
,30,18.16
,37,341.97
,32,5.55
,39,245.61
,37,155.44
,33,63.29
,31,4.03
,36,147.47
,32,49.62
,35,52.64
,39,100.36
,29,4.04
,35,70.62
,36,101.33
,31,5.45
,37,60.17
,37,71.46000000000001
,35,39.91
,30,3.79
,33,51.91
,36,30.86
,37,339.59000000000003
,28,2.91
,27,1.02
,34,39.63
,36,111.00999999999999
,32,21.48
,33,37.45
,31,22.48
,33,21.38
,30,15.91
,37,123.64
,28,6.29
,40,66.29
,37,39.78
,38,183.98
,38,112.57
,36,166.86
,35,30.63
,40,72.46000000000001
,33,8.37
,31,10.48
,32,16.31
,39,139.28
,36,79.68
,35,35.84
,30,12.8
,39,169.7
,37,75.11
,40,500
,38,199.69
,36,17.24
,34,17.71
,36,28.04
,36,50.34
,33,29.94
,35,22.99
,28,1.19
,33,8.99
,36,18.0
,31,12.45
,33,42.69
,33,63.94
,39,116.96000000000001
,37,82.01
,41,252.88
,35,43.28
,35,37.51
,31,24.08
,30,5.62
,35,31.43
,37,160.54
,33,9.44
,38,140.76
,32,27.01
,36,201.24
,30,9.84
,36,197.37
,30,2.31
,37,99.95
,39,213.34
,31,32.48
,36,48.25
,39,500
,36,25.55
,30,7.23
,39,208.11
,37,321.36
,31,26.42
,38,52.37
,33,9.02
,36,40.87
,38,500
,31,17.96
,37,86.07
,35,69.36
,27,1.65
,34,69.68
,29,8.94
,36,69.63
,39,151.85
,37,220.9
,37,307.27
,35,31.28
,29,1.75
,32,44.95
,37,67.64
,34,39.93
,38,108.14
,31,13.13
,34,21.72
,33,18.18
,38,152.88
,37,232.28
,30,5.16
,38,178.97
,39,398.12
,32,37.4
,33,41.9
,33,6.02
,35,102.06
,36,230.61
,34,68.71000000000001
,34,151.03
,36,44.46
,36,87.68
,38,452.46
,36,46.61
,34,26.8
,40,236.54
,38,274.83
,31,3.7
,34,36.48
,35,57.3
,34,53.24
,31,9.92
,37,129.6
,33,8.46
,38,216.37
,33,10.54
,36,139.07
,37,442.88
,32,59.33
,38,156.2
,34,17.53
,33,13.65
,36,120.94
,37,125.91
,37,109.71000000000001
,35,90.51
,35,117.28
,36,98.83
,33,76.0
,36,411.94
,33,17.31
,34,110.66
,32,12.14
,32,20.07
,39,431.06
,34,30.11
,37,113.18
,40,500
,38,430.79
,31,11.69
,28,1.04
,33,26.09
,39,234.25
,39,170.13
,36,107.33
,34,17.63
,37,49.8
,35,62.8
,31,28.96
,33,7.8
,34,64.86
,32,11.13
,35,104.49000000000001
,31,3.99
,37,98.71000000000001
,35,201.41
,31,9.62
,38,245.26
,40,305.9
,32,36.06
,39,127.92
,37,60.39
,37,222.44
,35,35.37
,36,85.56
,31,7.84
,35,17.53
,37,122.93
,28,1.35
,33,4.96
,34,18.3
,32,27.29
,35,67.27
,37,380.35
,34,43.8
,36,56.64
,29,5.05
,35,124.19
,37,141.27
,35,171.35
,32,55.48
,37,215.13
,34,22.29
,35,68.76
,40,270.59
,31,13.82
,33,25.6
,33,8.25
,33,23.75
,40,196.51
,37,40.44
,36,83.38
,37,118.47999999999999
,36,187.29
,36,75.16
,29,6.84
,33,2.6
,36,135.86
,34,7.12
,35,118.89
,32,28.15
,32,7.27
,31,3.53
,34,28.12
,38,96.50999999999999
,33,35.74
,29,1.56
,33,35.42
,32,19.72
,38,134.44
,37,128.14
,36,43.23
,36,60.79
,38,206.63
,36,102.46000000000001
,38,85.24
,36,168.07999999999998
,37,166.53
,32,15.96
,36,63.6
,36,89.82
,32,35.27
,30,10.22
,30,7.05
,34,50.21
,35,84.46000000000001
,35,83.52
,33,7.8
,34,68.9
,37,34.16
,37,64.36
,40,227.2
,34,13.58
,38,158.51
,35,52.81
,37,82.98
,36,156.35
,35,64.89
,33,17.04
,31,28.46
,27,1.48
,37,75.59
,36,265.35
,33,131.66
,33,20.24
,33,19.07
,34,44.65
,34,17.51
,35,112.77000000000001
,35,19.03
,38,196.52
,35,84.59
,37,54.33
,33,15.29
,38,72.25
,35,105.35
,35,96.77000000000001
,35,127.04
,34,41.51
,38,137.04
,36,33.71
,34,40.43
,40,199.85
,38,500
,36,347.21
,31,5.61
,35,64.11
,35,92.74000000000001
,34,40.37
,36,79.23
,38,257.18
,35,174.03
,37,54.58
,37,48.82
,34,82.75
,30,3.65
,33,70.84
,35,111.86
,34,12.31
,36,174.71
,31,8.51
,37,78.67
,37,219.54
,29,5.62
,36,45.9
,35,107.86
,35,164.72
,31,11.61
,31,5.91
,33,37.91
,35,52.32
,36,229.7
,35,26.93
,35,197.57999999999998
,31,19.37
,31,7.12
,32,32.39
,35,32.51
,34,64.29
,33,36.48
,36,61.64
,36,89.46000000000001
,36,55.94
,35,186.25
,35,48.13
,32,45.56
,32,5.97
,37,63.37
,33,30.74
,37,208.06
,29,10.35
,39,145.61
,33,33.06
,39,162.81
,30,6.04
,29,16.68
,37,72.18
,35,72.35
,33,31.63
,34,30.55
,38,107.93
,28,7.97
,39,365.96
,35,31.14
,35,37.34
,38,170.37
,34,47.8
,29,7.79
,32,6.52
,36,116.38
,30,42.35
,30,11.4
,33,30.12
,35,33.02
,39,96.45
,33,7.09
,36,58.55
,31,4.25
,32,5.87
,34,56.48
,36,83.86
,38,115.06
,39,500
,35,21.25
,35,47.92
,33,36.57
,37,75.61
,34,25.52
,30,14.66
,37,92.02000000000001
,35,47.6
,33,23.3
,39,337.85
,28,5.48
,35,147.57
,37,126.45
,37,125.48
,39,203.31
,36,212.93
,37,132.04
,33,82.63
,33,21.65
,37,89.88
,35,155.44
,30,17.15
,37,37.1
,34,64.01
,39,127.83
,31,17.41
,33,18.43
,32,5.05
,37,96.3
,38,200.86
,37,319.39
,33,10.69
,39,114.59
,34,45.41
,35,57.23
,36,49.82
,36,40.2
,33,23.03
,35,38.68
,36,63.5
,27,6.4
,35,82.44
,39,185.08
,33,15.27
,37,91.53999999999999
,36,336.36
,32,2.98
,39,32.09
,39,48.77
,33,11.7
,37,175.15
,34,18.44
,32,77.11
,38,54.58
,32,63.74
,30,19.57
,37,105.08
,31,18.75
,36,68.64
,34,36.03
,35,40.03
,29,13.0
,32,32.83
,37,201.99
,35,89.78
,40,500
,35,36.15
,38,128.45
,40,180.49
,30,14.62
,36,76.56
,39,273.23
,34,120.73
,31,8.82
,36,89.95
,38,199.04
,35,73.88
,37,175.03
,29,11.44
,27,6.86
,35,8.12
,30,11.5
,35,18.63
,35,21.3
,37,181.39
,35,106.47
,34,87.97
,30,6.6
,32,16.54
,32,14.93
,31,7.11
,32,13.47
,29,4.0
,37,172.57
,34,136.73
,33,12.65
,30,20.66
,34,251.26
,39,439.02
,33,9.32
,35,126.0
,34,121.79
,35,95.5
,32,13.92
,36,87.28999999999999
,33,35.58
,36,102.1
,36,88.75
,32,17.38
,30,6.29
,35,145.96
,32,6.01
,35,41.12
,36,75.2
,37,165.17000000000002
,33,7.34
,36,84.41
,35,56.95
,32,34.77
,30,6.42
,38,500
,31,16.93
,33,7.75
,34,19.02
,29,7.24
,30,8.51
,29,10.0
,29,8.31
,35,42.57
,36,22.12
,31,12.99
,37,358.51
,35,76.75
,37,90.48
,38,74.78999999999999
,38,284.78
,36,187.34
,35,52.86
,33,13.2
,30,35.66
,35,48.91
,30,13.51
,30,4.17
,31,26.09
,37,133.56
,36,140.95
,30,8.12
,28,10.15
,32,17.46
,39,134.53
,38,500
,35,36.21
,32,37.5
,35,41.72
,39,257.15
,35,17.44
,35,55.1
,33,10.9
,38,308.92
,33,22.09
,33,23.69
,35,107.78999999999999
,35,155.96
,37,143.85
,34,232.57999999999998
,33,11.75
,32,12.33
,38,177.61
,31,67.26
,38,169.29
,33,25.08
,35,193.91
,36,89.69
,39,186.67
,33,5.84
,36,36.37
,38,500
,28,6.2
,30,1.81
,29,2.7
,35,53.43
,29,3.78
,36,20.12
,38,123.03
,35,39.82
,32,4.71
,37,140.65
,32,12.74
,35,92.0
,36,48.31
,34,106.88
,36,73.06
,31,28.31
,32,4.22
,35,129.7
,36,103.5
,37,325.0
,31,21.44
,33,46.65
,33,5.35
,32,40.34
,34,20.87
,36,231.11
,33,19.48
,36,213.04
,34,18.96
,33,16.1
,29,6.23
,40,500
,29,1.82
,38,144.22
,33,14.96
,37,109.07
,30,12.99
,34,65.43
,34,175.29
,36,97.88
,38,159.94
,35,23.04
,31,13.54
,34,25.24
,28,2.11
,33,72.53999999999999
,32,9.81
,31,17.85
,34,56.52
,31,23.66
,35,33.86
,37,71.1
,33,11.22
,35,46.51
,36,130.22
,36,77.71000000000001
,34,6.95
,32,10.96
,27,3.05
,38,394.40999999999997
,38,82.82
,34,22.06
,37,175.81
,34,90.03
,37,44.61
,34,33.58
,37,157.07
,32,10.12
,38,122.53
,36,54.2
,39,192.29
,30,6.14
,37,500
,35,28.13
,35,198.04
,39,288.07
,37,95.61
,32,4.93
,31,6.3
,34,44.33
,30,22.42
,34,5.9
,30,19.68
,32,41.67
,35,139.45
,34,79.0
,37,80.69
,31,23.75
,34,17.03
,32,10.19
,38,146.52
,32,24.63
,31,29.14
,35,98.11
,37,115.4
,34,54.32
,38,463.08
,37,54.69
,34,49.31
,37,114.94
,36,148.71
,34,57.41
,35,36.82
,32,28.53
,34,97.88
,37,247.25
,34,13.68
,32,79.89
,34,36.54
,32,49.36
,32,93.57
,38,77.94
,32,7.74
,33,4.22
,37,83.12
,33,64.45
,32,12.13
,37,170.89
,34,86.05
,35,72.34
,34,14.98
,31,7.17
,33,20.9
,35,50.53
,36,74.73
,30,15.42
,33,75.39
,37,89.74
,33,28.36
,37,237.57
,30,19.02
,31,20.59
,32,32.47
,38,108.36
,34,15.86
,37,50.13
,35,97.3
,34,45.98
,34,12.56
,37,98.24000000000001
,35,28.99
,40,257.74
,30,5.88
,31,6.29
,36,79.28999999999999
,32,20.34
,34,12.34
,38,127.96
,34,31.66
,37,150.98
,34,27.13
,32,32.81
,37,286.1
,37,69.53999999999999
,35,57.2
,38,288.51
,34,92.21000000000001
,36,34.68
,31,7.49
,29,5.76
,37,61.2
,36,100.9
,38,413.0
,29,20.77
,32,9.15
,36,136.54
,34,71.91
,30,14.1
,35,151.71
,39,87.9
,39,395.22
,36,122.31
,32,35.02
,31,13.07
,35,19.36
,32,20.78
,28,3.99
,36,192.89
,30,19.45
,38,500
,33,16.39
,31,16.56
,40,72.88
,31,8.87
,39,463.99
,36,25.71
,30,7.03
,28,9.2
,38,119.02000000000001
,36,100.33
,32,31.22
,40,500
,32,23.8
,36,74.64
,29,5.02
,29,19.29
,30,7.61
,36,95.82
,36,56.92
,33,57.88
,33,31.72
,35,16.7
,30,6.87
,37,184.6
,30,7.63
,35,70.05
,34,46.17
,38,73.8
,38,81.63
,29,4.41
,35,57.4
,38,71.08
,33,55.73
,31,27.44
,36,92.03999999999999
,38,129.16
,31,7.63
,31,9.88
,36,29.78
,29,3.64
,32,12.09
,34,34.1
,36,56.82
,35,38.29
,36,243.26
,29,4.7
,35,31.84
,38,151.03
,39,346.4
,31,22.0
,38,252.76
,36,110.88
,34,30.48
,31,9.64
,32,10.01
,32,22.13
,33,17.72
,30,7.8
,40,165.94
,37,48.56
,36,407.65999999999997
,33,60.28
,35,26.37
,32,17.18
,29,7.95
,40,289.59000000000003
,31,11.51
,29,25.2
,36,82.09
,34,40.21
,40,500
,38,286.90999999999997
,35,274.53
,33,36.97
,39,418.98
,30,15.95
,36,53.94
,32,18.69
,31,13.13
,29,4.65
,33,45.63
,36,119.53999999999999
,38,224.99
,37,31.2
,39,500
,31,37.17
,37,116.31
,37,38.79
,34,110.99000000000001
,29,2.53
,35,113.71000000000001
,34,14.27
,32,47.83
,38,311.86
,35,43.39
,40,107.59
,30,12.35
,34,38.41
,37,43.97
,35,6.14
,33,11.91
,39,304.57
,34,34.56
,33,70.69
,30,25.75
,35,37.25
,34,35.47
,39,170.76
,38,107.92
,37,97.8
,36,48.34
,28,2.11
,36,149.53
,36,170.62
,37,72.05
,37,200.52
,35,86.45
,31,10.81
,39,424.38
,34,61.17
,37,22.38
,36,77.74
,36,148.29
,35,79.7
,29,1.59
,34,8.7
,32,15.82
,40,196.02
,34,14.76
,35,82.9
,40,426.78
,35,11.16
,31,8.5
,32,20.48
,33,11.6
,38,69.15
,31,16.21
,28,1.95
,36,115.67
,33,26.1
,34,56.65
,28,2.25
,38,111.4
,38,155.62
,31,4.47
,33,12.95
,35,38.43
,37,106.66
,33,9.73
,39,349.99
,34,34.96
,38,41.17
,39,42.21
,33,35.09
,37,404.95
,32,22.12
,32,24.59
,31,28.84
,40,500
,38,207.45
,33,127.87
,38,257.5
,35,38.28
,32,14.84
,36,132.95
,39,468.13
,30,7.89
,31,13.08
,31,10.0
,39,342.39
,31,13.59
,35,65.08
,31,4.27
,33,19.83
,33,135.11
,36,21.81
,35,153.75
,35,52.04
,39,216.07999999999998
,30,9.33
,31,25.55
,34,11.13
,35,30.29
,40,147.68
,38,500
,40,205.45
,34,81.25
,36,70.5
,38,110.7
,35,92.75
,39,182.69
,35,37.04
,38,308.26
,32,27.5
,33,21.12
,37,99.39
,26,0.86
,30,4.53
,32,23.85
,37,72.17
,35,55.6
,33,21.82
,35,37.17
,39,218.41
,39,229.46
,32,40.43
,38,180.56
,29,3.12
,28,0.8
,37,66.88
,38,95.89
,31,37.62
,30,6.28
,38,54.31
,35,24.77
,37,173.59
,35,83.19
,36,106.71000000000001
,32,26.05
,37,200.63
,39,500
,31,21.29
,35,95.1
,28,5.96
,35,92.86
,30,20.51
,38,56.25
,39,151.34
,36,85.44
,34,18.57
,39,190.02
,37,188.73
,34,78.75
,36,116.84
,38,294.55
,35,85.93
,34,27.89
,34,28.51
,39,354.73
,35,79.51
,31,23.44
,35,122.09
,36,40.95
,39,382.55
,38,141.02
,32,7.26
,32,86.65
,38,151.15
,38,135.2
,34,119.85
,37,40.41
,29,9.01
,28,1.53
,36,46.75
,30,26.78
,34,66.58
,32,6.51
,32,28.8
,36,172.35
,37,266.61
,32,15.96
,37,198.26
,39,259.18
,33,11.91
,33,28.5
,31,8.92
,36,31.51
,31,19.35
,37,149.57
,33,27.74
,30,3.28
,29,7.92
,38,157.55
,38,248.42
,32,6.45
,34,37.55
,37,158.3
,38,142.72
,37,79.31
,33,25.24
,30,30.42
,37,96.68
,30,2.94
,33,25.71
,30,11.87
,35,82.52
,34,67.19
,39,181.57
,37,30.36
,36,100.31
,34,38.29
,37,250.23
,36,242.96
,36,186.79
,31,8.25
