,29,8.82
,29,3.42
,25,0.69
,28,7.28
,36,87.14
,26,1.14
,24,1.27
,32,15.27
,23,0.82
,30,18.33
,25,0.7
,36,115.47
,26,1.74
,31,13.47
,31,9.11
,26,2.11
,29,8.66
,27,1.49
,29,6.87
,30,18.27
,27,2.01
,23,1.24
,29,6.15
,27,2.35
,25,1.03
,28,1.51
,34,38.92
,30,8.17
,27,10.04
,33,73.89
,27,6.08
,30,5.21
,35,46.79
,27,4.12
,31,15.57
,32,34.4
,31,14.37
,27,6.18
,28,8.58
,27,2.34
,27,1.23
,31,9.71
,25,1.87
,28,2.01
,30,7.79
,23,1.36
,30,6.77
,32,23.78
,31,8.92
,28,6.53
,25,1.86
,29,8.08
,26,12.01
,28,5.45
,23,0.75
,31,16.45
,26,2.93
,24,1.04
,29,4.0
,28,3.6
,32,16.28
,22,1.18
,23,1.56
,32,12.1
,27,3.18
,34,41.89
,25,2.19
,30,6.26
,27,3.76
,30,20.08
,22,0.62
,25,5.41
,28,3.73
,33,14.18
,30,4.27
,29,10.87
,32,8.05
,23,1.93
,27,3.3
,31,13.38
,23,1.74
,32,12.32
,30,9.74
,33,39.04
,34,54.75
,31,16.4
,29,4.39
,30,27.06
,29,13.33
,31,26.7
,28,6.73
,32,22.67
,30,12.94
,25,2.8
,33,11.22
,26,1.77
,23,1.98
,26,2.24
,23,0.83
,30,9.12
,25,1.11
,34,51.95
,31,14.49
,29,2.44
,25,1.2
,33,28.1
,25,1.6
,26,2.03
,26,1.79
,32,13.89
,27,1.88
,26,2.71
,23,1.88
,32,30.65
,30,9.91
,26,1.13
,30,27.3
,29,4.85
,28,8.59
,24,2.25
,30,4.65
,32,24.64
,29,4.25
,30,21.23
,30,3.29
,25,5.71
,28,5.86
,32,37.78
,28,6.71
,32,36.17
,30,8.59
,32,14.15
,24,0.88
,32,38.85
,27,2.29
,31,21.15
,28,4.71
,22,1.09
,28,4.28
,27,2.43
,27,3.19
,24,1.33
,28,4.1
,27,2.91
,22,1.17
,29,12.07
,28,2.29
,26,2.12
,33,33.35
,30,10.96
,28,2.84
,25,1.3
,23,0.9
,31,23.12
,24,1.16
,26,2.25
,31,26.29
,23,0.76
,30,13.13
,27,1.76
,26,6.12
,22,0.53
,31,21.9
,24,1.57
,32,41.52
,30,22.76
,26,2.19
,21,0.87
,26,1.01
,26,4.04
,25,3.24
,35,54.01
,25,1.53
,25,3.09
,30,7.43
,27,5.58
,30,24.02
,25,1.67
,22,0.71
,28,4.03
,32,26.09
,32,9.1
,29,10.42
,31,4.76
,27,5.43
,33,3.39
,23,0.71
,29,10.49
,23,0.94
,33,32.03
,26,1.43
,29,14.45
,25,3.52
,21,0.66
,20,0.56
,26,3.21
,24,2.16
,31,31.82
,28,3.37
,31,24.51
,25,1.25
,30,7.48
,32,23.52
,30,7.48
,34,25.7
,26,2.26
,31,13.36
,25,4.4
,30,6.33
,30,21.6
,25,1.69
,33,18.87
,35,68.61
,28,7.7
,26,1.59
,31,14.66
,33,25.61
,26,2.29
,26,3.86
,25,2.42
,25,1.18
,31,30.5
,30,9.71
,26,4.21
,28,3.4
,34,76.48
,24,0.68
,25,1.35
,27,3.77
,26,1.91
,24,1.33
,28,3.66
,30,23.4
,29,6.15
,25,2.05
,30,20.79
,30,6.46
,29,6.22
,31,10.47
,34,32.97
,25,1.78
,29,6.23
,30,12.79
,32,32.06
,31,22.04
,29,3.87
,28,3.69
,32,15.17
,28,3.15
,27,7.11
,32,29.42
,32,38.47
,29,6.76
,30,4.89
,22,0.98
,28,3.21
,24,1.54
,28,2.82
,29,7.64
,28,4.88
,26,2.09
,32,15.34
,31,12.31
,28,6.6
,33,88.43
,28,1.6
,31,12.37
,31,5.17
,26,2.04
,30,6.27
,21,0.82
,26,2.65
,25,2.46
,30,10.91
,27,1.27
,31,18.3
,27,2.64
,29,5.37
,23,0.96
,32,76.16
,22,0.66
,26,1.21
,28,4.29
,26,4.51
,21,7.11
,28,1.55
,23,1.01
,31,11.88
,27,3.75
,34,47.19
,32,12.73
,30,10.43
,25,2.46
,30,7.64
,30,11.21
,29,3.02
,24,0.91
,26,2.26
,30,3.07
,26,1.79
,24,0.88
,28,4.46
,29,3.48
,30,10.92
,30,7.38
,24,1.1
,28,4.45
,24,0.83
,25,4.28
,28,4.08
,28,4.76
,28,5.77
,31,42.38
,24,1.19
,29,17.25
,29,19.52
,29,2.44
,29,5.74
,34,64.86
,27,2.6
,26,4.38
,29,7.56
,30,11.88
,32,18.17
,26,2.05
,29,9.1
,28,4.26
,25,1.05
,29,5.11
,25,1.88
,25,2.77
,28,6.49
,30,6.01
,26,1.36
,28,4.55
,30,4.16
,32,13.64
,22,0.87
,22,1.14
,33,70.73
,31,14.63
,25,3.03
,29,4.44
,31,18.02
,28,7.64
,32,12.63
,26,2.55
,25,0.75
,32,23.54
,24,0.72
,23,0.74
,19,0.92
,23,1.76
,24,1.49
,30,22.41
,27,4.58
,28,2.03
,29,5.76
,21,0.57
,29,4.44
,27,6.09
,24,1.71
,31,14.13
,29,4.87
,27,3.6
,32,55.45
,35,102.46000000000001
,30,15.74
,25,3.22
,28,2.68
,26,2.02
,27,5.01
,26,2.16
,30,12.87
,26,1.55
,33,32.36
,27,5.27
,28,4.79
,25,1.06
,25,1.7
,25,2.26
,30,2.87
,28,5.88
,24,1.88
,29,5.33
,28,3.06
,25,1.91
,26,2.21
,30,4.13
,25,2.37
,25,1.04
,31,41.4
,30,4.47
,30,4.44
,26,0.82
,24,2.23
,26,2.62
,21,1.13
,31,7.25
,27,2.95
,32,23.9
,22,0.65
,29,7.15
,27,5.48
,29,6.43
,30,15.62
,27,5.36
,26,1.12
,25,1.39
,30,8.91
,26,3.33
,21,0.92
,29,3.1
,29,1.96
,31,15.48
,28,4.35
,30,7.84
,31,20.73
,24,1.24
,23,0.64
,28,4.3
,22,1.01
,31,3.94
,34,14.7
,28,9.89
,30,12.05
,20,0.71
,32,48.53
,31,8.36
,31,36.34
,32,13.59
,31,16.95
,29,3.11
,30,4.34
,26,1.58
,30,19.78
,28,2.19
,26,1.67
,34,81.77
,27,2.62
,24,1.33
,32,20.58
,29,8.12
,29,18.47
,31,21.12
,29,5.75
,26,5.27
,30,14.89
,25,3.37
,33,74.46000000000001
,32,37.29
,27,2.66
,25,4.63
,29,4.76
,21,1.06
,27,2.47
,29,9.23
,28,7.49
,32,15.41
,31,10.53
,31,22.78
,30,16.37
,32,12.22
,25,2.29
,31,16.96
,25,2.33
,33,75.42
,30,4.73
,30,14.24
,30,15.87
,32,59.15
,26,2.21
,28,2.16
,33,41.8
,28,4.76
,30,7.68
,23,0.95
,25,0.85
,32,25.45
,31,10.2
,33,25.63
,27,5.24
,33,19.79
,26,1.68
,27,2.58
,29,7.51
,27,2.56
,25,1.84
,22,0.73
,32,26.35
,29,3.52
,28,3.15
,31,5.97
,30,17.63
,28,2.61
,31,21.0
,31,25.18
,29,3.33
,28,3.9
,31,10.5
,32,5.55
,26,4.99
,28,11.37
,30,7.91
,26,4.67
,31,27.31
,26,1.25
,32,29.03
,21,0.71
,32,10.09
,27,6.32
,25,1.31
,28,3.72
,25,1.4
,24,1.07
,25,3.93
,33,19.61
,27,2.74
,30,13.47
,27,3.16
,27,2.16
,27,1.98
,33,20.5
,33,24.64
,31,15.51
,25,1.53
,24,1.46
,31,16.53
,29,1.35
,27,2.24
,27,6.17
,27,4.11
,32,25.07
,29,4.01
,28,3.65
,29,8.72
,28,5.85
,31,12.94
,30,3.24
,26,1.64
,26,2.39
,22,1.16
,28,3.03
,32,8.3
,25,2.02
,26,1.43
,30,8.24
,31,16.6
,25,1.5
,23,0.81
,28,8.14
,24,0.7
,25,3.11
,32,35.11
,28,3.93
,25,1.77
,31,12.68
,33,21.98
,26,3.94
,31,16.98
,31,8.97
,28,2.58
,25,2.06
,30,17.23
,29,7.78
,25,1.14
,25,1.26
,28,7.22
,27,2.14
,28,8.49
,32,18.31
,29,4.12
,27,3.86
,31,13.92
,28,10.86
,23,1.79
,26,2.08
,26,1.64
,30,15.93
,30,8.08
,28,9.85
,28,4.04
,30,7.61
,29,5.54
,34,16.43
,31,20.84
,25,1.45
,29,10.27
,23,0.66
,32,10.39
,31,16.96
,26,5.23
,30,15.4
,25,4.32
,27,4.32
,23,0.94
,30,17.46
,32,26.16
,29,15.09
,30,8.77
,30,5.25
,25,2.29
,27,3.45
,31,13.42
,28,7.59
,31,14.93
,32,39.04
,26,2.36
,26,2.65
,32,12.42
,29,10.63
,33,24.6
,34,74.88
,25,1.14
,32,24.58
,25,1.2
,26,1.48
,29,3.28
,27,2.46
,25,2.04
,30,11.4
,32,20.98
,32,16.22
,26,1.56
,25,1.6
,25,1.45
,28,2.54
,31,14.47
,25,1.57
,24,1.56
,27,3.86
,29,4.74
,29,5.69
,31,11.47
,27,4.53
,32,19.48
,28,4.42
,28,3.61
,25,1.93
,29,14.69
,34,37.29
,27,1.68
,29,15.21
,24,0.89
,30,6.12
,29,17.81
,26,1.42
,32,21.01
,30,10.37
,28,7.1
,31,11.1
,29,4.56
,23,0.94
,25,1.26
,30,9.11
,31,84.28
,28,11.61
,30,10.36
,26,2.24
,31,21.52
,21,0.53
,25,1.63
,26,4.39
,31,19.46
,31,22.75
,30,6.56
,30,8.71
,32,32.04
,29,2.41
,25,3.63
,33,25.84
,31,5.76
,30,9.95
,29,7.77
,28,2.08
,32,25.95
,28,3.38
,29,12.65
,30,2.63
,33,45.27
,27,4.81
,29,17.95
,28,4.1
,25,1.81
,23,1.21
,25,1.33
,31,12.5
,31,35.37
,32,23.78
,28,2.81
,25,1.52
,30,5.86
,29,10.31
,32,24.88
,31,15.36
,27,1.99
,31,33.61
,28,5.18
,25,2.04
,25,2.37
,30,15.45
,27,3.5
,31,17.18
,30,8.31
,30,26.61
,29,4.29
,27,3.61
,32,15.81
,29,9.47
,26,6.87
,31,12.1
,27,3.43
,25,1.32
,25,1.05
,28,3.15
,28,4.08
,30,10.99
,31,25.48
,19,0.56
,31,15.38
,31,3.52
,28,8.64
,26,1.22
,33,18.32
,26,4.12
,31,13.62
,29,7.53
,31,5.05
,32,19.29
,28,3.41
,28,10.39
,31,8.58
,27,3.92
,32,15.56
,34,66.81
,32,37.16
,33,40.75
,23,0.78
,30,5.66
,29,9.34
,30,4.2
,30,16.62
,28,4.02
,24,2.59
,29,3.81
,31,14.07
,32,13.97
,24,2.59
,22,0.71
,28,3.13
,27,2.94
,29,1.56
,30,3.61
,27,5.97
,21,1.6
,24,1.51
,28,1.07
,31,5.45
,32,21.25
,33,32.41
,29,8.66
,22,0.53
,28,9.2
,28,3.87
,27,8.88
,29,7.43
,31,11.23
,35,46.64
,23,1.01
,31,9.73
,29,7.34
,23,0.65
,22,0.98
,26,2.44
,30,4.71
,29,10.98
,33,104.35
,28,2.73
,31,26.38
,29,5.25
,30,6.31
,30,8.93
,30,11.21
,33,15.91
,30,17.09
,33,38.21
,32,17.2
,30,6.46
,23,1.26
,25,1.11
,31,23.48
,29,5.03
,31,6.92
,32,21.44
,33,19.7
,29,8.17
,28,4.43
,32,9.73
,29,4.37
,28,4.52
,26,2.32
,27,2.94
,23,0.61
,30,7.3
,23,1.26
,30,8.98
,31,16.08
,27,4.52
,31,21.98
,27,2.62
,24,1.07
,32,15.92
,29,2.46
,30,6.26
,22,1.06
,27,1.97
,30,6.54
,26,4.28
,34,62.95
,23,0.87
,30,19.31
,29,12.72
,22,0.7
,28,3.85
,30,24.34
,31,21.32
,31,14.2
,32,11.06
,20,0.64
,32,33.44
,23,0.66
,30,6.6
,27,5.45
,26,2.1
,23,0.89
,27,4.08
,31,14.21
,28,2.05
,32,9.0
,29,3.13
,28,7.33
,29,5.18
,26,3.44
,29,4.18
,32,48.29
,29,9.93
,28,6.34
,27,5.06
,29,8.43
,30,3.52
,29,5.8
,32,44.1
,26,1.67
,23,1.12
,20,1.03
,32,15.9
,26,2.63
,30,5.55
,24,2.25
,32,16.38
,31,13.18
,34,64.16
,24,1.14
,31,17.18
,23,1.03
,26,2.96
,22,0.93
,30,6.33
,27,1.71
,27,1.74
,31,10.41
,29,4.09
,25,2.65
,32,31.2
,33,75.15
,29,6.86
,31,29.39
,30,4.5
,29,4.05
,33,44.28
,27,7.1
,28,5.43
,31,11.45
,21,1.29
,32,13.65
,33,16.73
,26,1.42
,33,49.62
,24,1.07
,30,14.73
,23,0.83
,30,10.35
,32,13.35
,24,0.97
,23,1.27
,22,0.56
,21,0.67
,27,4.59
,21,1.02
,31,20.95
,26,3.8
,27,2.33
,31,7.8
,31,14.34
,28,10.64
,31,39.86
,29,11.17
,33,22.62
,28,3.7
,30,12.94
,33,66.24
,27,3.59
,26,1.08
,25,1.66
,30,5.64
,27,4.24
,25,1.23
,30,16.3
,31,6.25
,32,15.95
,27,3.39
,28,1.39
,31,25.86
,24,1.4
,30,23.55
,28,7.61
,27,4.11
,28,2.8
,29,4.79
,31,20.31
,24,1.55
,29,4.73
,29,13.99
,29,6.0
,28,6.1
,32,22.01
,29,8.07
,31,15.92
,29,4.55
,30,10.82
,27,2.03
,30,15.36
,24,0.95
,32,8.66
,31,20.74
,25,4.04
,26,1.9
,26,2.72
,31,15.19
,23,1.0
,28,4.03
,24,1.01
,30,8.92
,28,6.05
,33,21.34
,30,12.7
,28,9.95
,33,28.99
,30,32.54
,30,4.42
,28,3.99
,32,46.76
,31,4.97
,28,4.88
,29,6.62
,24,1.75
,33,29.72
,32,20.96
,30,16.92
,30,20.0
,25,1.66
,32,30.98
,28,8.85
,28,4.72
,31,12.99
,32,36.97
,29,2.38
,30,8.56
,25,1.56
,28,4.89
,32,41.77
,27,2.74
,27,5.45
,32,29.29
,25,2.33
,26,2.49
,32,30.26
,25,1.14
,23,1.81
,29,5.36
,32,14.08
,31,27.73
,26,1.25
,24,1.49
,32,9.29
,30,12.17
,26,3.01
,31,14.86
,25,1.78
,31,11.23
,31,11.65
,30,21.29
,31,28.83
,31,23.11
,23,1.24
,32,12.52
,30,25.09
,32,39.72
,29,18.24
,30,7.69
,27,2.84
,26,4.06
,29,7.75
,33,16.23
,24,1.21
,27,2.69
,23,0.96
,25,2.76
,32,29.73
,31,14.67
,31,6.36
,28,5.61
,29,8.81
,31,12.14
,29,14.26
,25,1.32
,34,55.98
,31,14.53
,23,0.68
,29,5.01
,25,1.39
,23,1.12
,21,0.82
,24,1.0
,25,1.85
,26,1.31
,25,3.94
,32,54.85
,33,89.44
,30,18.9
,23,0.93
,28,2.66
,24,3.07
,31,10.12
,29,9.61
,32,32.01
,29,9.22
,24,1.29
,26,4.52
,30,10.43
,30,5.47
,25,1.56
,33,53.83
,21,0.65
,27,2.46
,29,17.08
,24,1.53
,31,19.66
,26,2.12
,26,2.02
,32,16.7
,31,18.89
,32,110.82
,24,1.19
,25,4.88
,28,11.56
,28,4.98
,29,3.37
,30,3.15
,28,6.24
,31,8.99
,34,55.59
,27,2.74
,30,2.06
,26,2.41
,26,1.44
,25,1.86
,26,3.74
,29,5.07
,23,1.81
,23,1.2
,29,3.06
,24,0.84
,28,7.89
,27,1.9
,31,14.21
,30,7.39
,28,3.71
,33,21.83
,27,7.09
,28,8.25
,24,1.37
,32,25.19
,33,31.56
,27,2.27
,24,1.06
,22,0.78
,33,9.52
,23,0.72
,27,5.82
,29,2.96
,29,5.97
,24,1.91
,31,21.6
,29,14.65
,28,9.05
,22,0.8
,33,45.63
,31,7.8
,29,9.06
,28,6.84
,34,37.17
,29,5.7
,26,1.48
,27,2.07
,28,5.73
,26,1.91
,26,2.12
,26,3.04
,28,4.95
,29,1.48
,28,8.66
,31,6.03
,24,2.23
,25,3.75
,32,35.55
,32,22.99
,29,13.52
,22,0.52
,28,1.81
,24,1.73
,26,4.25
,29,9.32
,31,4.02
,26,3.22
,24,0.96
,25,2.07
,32,10.29
,22,1.17
,28,13.07
,25,1.22
,29,6.35
,30,6.31
,26,0.93
,29,14.46
,31,10.4
,27,3.23
,29,11.39
,30,17.2
,31,28.53
,31,11.63
,24,1.34
,33,12.74
,27,2.63
,28,4.07
,29,6.66
,23,1.01
,28,13.51
,34,57.31
,30,17.96
,25,2.91
,28,2.83
,28,4.36
,33,30.7
,31,47.16
,31,11.02
,34,114.49000000000001
,33,29.82
,31,26.07
,27,2.42
,25,1.94
,32,15.89
,23,0.84
,27,6.73
,26,1.59
,25,1.89
,31,31.15
,29,7.08
,24,1.64
,36,89.28999999999999
,25,0.83
,29,4.36
,28,5.22
,36,85.25
,23,0.6
,31,27.91
,30,7.67
,33,25.23
,33,37.23
,33,46.59
,33,20.34
,29,13.88
,24,1.81
,24,1.13
,24,0.83
,28,11.41
,32,54.15
,23,1.32
,30,6.06
,30,6.25
,30,10.59
,30,8.33
,31,10.78
,26,1.42
,32,22.68
,26,5.34
,25,1.32
,28,1.7
,26,2.8
,32,96.75999999999999
,32,16.77
,29,10.19
,21,0.91
,24,1.27
,26,3.19
,26,2.96
,31,10.65
,24,1.99
,31,12.81
,32,29.81
,28,2.81
,32,18.5
,27,2.97
,30,13.98
,32,24.75
,28,6.38
,24,1.55
,33,19.54
,30,16.42
,27,3.9
,31,22.95
,28,2.4
,33,31.92
,33,11.77
,34,22.05
,28,3.95
,31,12.22
,26,1.42
,30,12.62
,33,28.09
,32,16.28
,31,9.24
,27,4.53
,28,4.36
,29,10.72
,30,14.38
,32,15.1
,30,2.21
,27,2.81
,28,2.5
,31,25.53
,33,49.04
,25,3.13
,31,11.86
,28,8.43
,29,3.92
,27,6.42
,27,2.09
,31,5.31
,31,8.87
,28,10.74
,27,2.59
,31,9.5
,29,9.55
,22,0.63
,24,1.17
,29,6.45
,32,11.63
,24,1.36
,28,9.77
,27,4.72
,23,1.08
,31,7.38
,27,4.41
,28,3.87
,31,16.92
,25,1.69
,32,17.23
,30,6.65
,27,3.22
,24,2.0
,23,0.89
,24,1.34
,28,2.93
,31,7.32
,29,4.74
,32,24.8
,24,2.13
,28,4.04
,26,2.36
,30,8.0
,33,29.69
,24,2.39
,31,48.09
,25,1.41
,27,3.14
,22,0.57
,29,5.08
,31,8.69
,31,7.44
,27,2.03
,26,2.68
,29,2.33
,26,3.11
,28,2.35
,27,3.74
,30,13.91
,30,9.32
,31,10.22
,24,0.94
,26,1.35
,30,23.51
,27,3.07
,27,3.45
,26,5.91
,29,11.08
,30,4.99
,24,1.63
,26,3.95
,31,18.6
,26,4.42
,30,12.9
,22,0.63
,28,3.07
,29,7.35
,31,22.8
,28,2.42
,24,1.46
,28,2.41
,25,1.28
,32,12.9
,25,1.14
,32,23.3
,28,3.41
,31,6.1
,28,4.88
,26,5.3
,25,1.22
,32,26.54
,25,1.69
,24,1.1
,30,8.25
,27,2.84
,31,13.06
,26,3.67
,24,1.36
,29,5.78
,31,39.64
,27,2.89
,28,5.43
,32,36.13
,29,8.11
,27,5.88
,30,3.63
,26,3.4
,24,1.53
,31,12.91
,25,1.34
,32,28.78
,31,28.07
,32,36.2
,34,20.79
,26,4.15
,27,2.04
,26,2.22
,21,0.54
,29,7.84
,23,1.25
,28,5.43
,27,1.68
,28,3.01
,30,13.14
,32,19.9
,31,13.78
,28,18.9
,29,5.97
,28,4.62
,30,6.01
,32,62.65
,26,2.21
,24,1.21
,31,15.74
,22,0.77
,25,4.01
,25,1.33
,29,8.85
,26,2.56
,25,1.68
,23,0.69
,23,1.03
,24,1.36
,22,0.77
,26,1.54
,29,3.58
,26,1.78
,31,22.68
,29,4.74
,31,10.18
,29,4.16
,30,6.63
,32,27.62
,23,0.86
,29,12.3
,29,7.44
,32,29.13
,30,29.21
,28,6.72
,27,6.19
,32,15.88
,30,23.29
,27,5.76
,29,9.15
,28,7.24
,27,6.73
,32,16.16
,30,30.6
,30,16.16
,33,38.09
,24,2.16
,31,6.54
,22,0.69
,27,4.84
,32,38.7
,28,3.99
,30,3.69
,26,1.23
,30,16.26
,32,13.0
,32,16.87
,33,33.77
,33,31.94
,28,2.92
,23,1.0
,27,2.43
,25,1.07
,32,14.11
,31,10.18
,28,4.02
,32,22.72
,32,19.35
,29,4.68
,27,5.34
,27,2.7
,32,52.46
,33,13.62
,25,0.73
,24,1.33
,31,12.71
,26,3.44
,29,2.87
,30,28.02
,27,2.19
,28,2.81
,27,1.59
,30,5.25
,23,0.97
,31,13.95
,24,2.72
,25,0.73
,27,2.82
,31,15.67
,30,11.61
,27,3.54
,24,1.33
,33,29.92
,24,1.8
,31,11.22
,26,3.5
,26,2.49
,28,3.79
,24,1.01
,30,8.47
,30,10.48
,20,0.64
,32,15.18
,27,3.64
,27,3.01
,28,1.32
,26,2.54
,29,3.27
,30,5.19
,31,9.61
,31,21.29
,32,33.53
,31,11.11
,28,7.29
,31,11.58
,24,3.13
,23,1.15
,27,2.79
,31,14.68
,33,23.22
,31,8.5
,23,0.62
,35,80.77
,32,17.61
,25,1.85
,27,3.67
,33,16.15
,28,1.93
,28,4.75
,27,3.66
,27,4.02
,26,1.18
,33,41.12
,27,2.59
,30,7.26
,28,7.04
,32,13.27
,28,4.78
,29,16.97
,28,2.3
,26,2.27
,26,1.96
,30,11.23
,29,7.38
,25,3.9
,29,6.49
,32,19.28
,25,1.36
,22,0.8
,26,2.46
,23,1.3
,31,4.28
,31,18.3
,28,3.58
,29,5.26
,29,5.51
,31,9.8
,29,7.74
,30,22.51
,26,3.71
,27,5.76
,24,1.29
,33,52.5
,29,5.8
,23,1.8
,26,2.51
,28,2.78
,25,0.98
,25,1.24
,30,9.34
,29,14.73
,25,2.88
,32,21.3
,27,5.81
,26,1.35
,28,3.16
,27,3.01
,30,7.9
,25,1.5
,31,27.48
,25,0.78
,33,12.18
,29,6.74
,30,6.73
,31,24.07
,29,6.83
,29,5.46
,28,6.85
,25,1.9
,27,2.67
,28,10.77
,26,2.4
,22,0.84
,24,0.85
,32,11.42
,29,2.06
,31,16.44
,34,23.01
,29,7.98
,25,3.36
,32,18.56
,26,1.96
,29,9.08
,23,1.33
,36,55.53
,29,6.44
,31,11.15
,27,2.29
,31,19.94
,31,18.89
,23,1.05
,29,12.3
,26,2.94
,26,1.82
,35,93.75999999999999
,31,9.71
,27,2.84
,25,0.98
,31,9.1
,28,1.62
,31,20.31
,28,18.8
,31,6.62
,34,48.67
,33,22.45
,31,7.27
,28,5.19
,25,1.28
,27,4.45
,33,27.51
,27,1.6
,26,2.37
,25,3.46
,30,7.98
,27,2.38
,26,2.17
,27,5.52
,33,43.45
,30,8.45
,28,1.84
,19,0.51
,31,16.55
,27,3.65
,29,8.73
,28,5.09
,34,17.65
,29,6.01
,22,0.95
,22,1.02
,26,1.47
,29,10.17
,27,3.27
,30,6.46
,25,2.58
,23,1.74
,30,7.38
,25,1.04
,26,1.97
,24,0.95
,26,3.09
,31,10.49
,26,3.39
,26,1.72
,32,20.18
,23,1.14
,29,20.31
,24,1.02
,29,3.06
,23,0.99
,34,39.49
,31,11.03
,23,1.24
,20,0.71
,26,1.71
,30,14.68
,31,14.19
,29,6.52
,27,3.11
,36,58.12
,31,38.09
,31,15.42
,22,1.01
,31,12.79
,29,12.99
,32,13.91
,26,1.85
,29,12.75
,31,18.2
,29,11.66
,30,6.46
,24,1.62
,24,3.49
,30,9.25
,23,1.36
,27,2.62
,30,8.56
,26,2.42
,24,1.19
,30,17.05
,28,7.0
,31,7.18
,24,1.54
,30,5.85
,31,11.9
,29,11.65
,28,4.73
,28,10.67
,31,10.97
,27,5.15
,28,2.85
,31,28.2
,33,46.37
,26,9.66
,30,7.4
,28,5.49
,22,1.26
,23,1.34
,25,2.44
,28,6.57
,31,15.18
,30,13.85
,27,5.29
,26,4.08
,31,12.44
,29,2.46
,27,2.72
,30,5.93
,29,4.51
,32,8.54
,31,14.12
,29,4.71
,30,14.42
,27,3.12
,33,52.83
,23,1.8
,29,5.43
,28,10.53
,22,0.47
,26,2.18
,28,6.71
,32,24.13
,32,29.56
,26,3.35
,33,37.73
,26,2.17
,29,8.62
,26,3.02
,29,9.21
,25,1.98
,27,2.71
,28,8.2
,24,0.82
,29,6.72
,26,2.43
,27,2.53
,29,4.84
,26,2.82
,26,2.24
,28,3.84
,28,2.5
,24,1.22
,31,8.14
,29,6.1
,31,3.64
,32,21.73
,31,20.39
,25,2.55
,25,1.51
,24,1.47
,30,13.78
,32,52.55
,26,1.69
,30,15.09
,23,0.76
,25,1.76
,31,38.21
,34,34.48
,28,4.89
,28,7.09
,24,1.12
,28,3.2
,30,6.34
,27,3.74
,25,0.87
,24,1.36
,31,17.19
,27,8.35
,34,46.69
,30,10.06
,33,41.03
,28,4.76
,25,1.42
,27,2.8
,33,32.1
,31,9.54
,25,1.72
,27,3.64
,23,0.92
,30,3.4
,23,2.24
,24,1.6
,31,14.98
,29,8.32
,32,31.56
,31,24.72
,26,1.41
,31,16.86
,31,19.42
,26,4.14
,29,8.6
,24,5.71
,31,22.8
,24,0.79
,32,38.94
,24,1.83
,28,2.44
,27,5.23
,21,0.76
,30,6.24
,29,3.83
,30,9.78
,30,10.41
,23,1.35
,22,1.23
,33,29.48
,30,13.37
,30,8.57
,31,14.29
,27,2.01
,34,77.82
,26,1.58
,26,2.18
,31,19.83
,29,4.36
,27,1.32
,30,7.04
,29,5.31
,29,13.31
,31,10.69
,24,1.01
,30,17.88
,26,1.55
,28,8.64
,32,44.51
,30,25.69
,31,11.47
,26,2.66
,27,5.41
,24,0.84
,27,4.41
,32,20.51
,30,7.12
,26,3.16
,26,3.4
,27,4.32
,31,15.56
,24,1.3
,24,0.83
,26,1.76
,26,4.51
,31,7.2
,27,1.73
,22,0.76
,23,0.85
,24,2.05
,33,12.34
,23,0.77
,25,1.38
,31,27.26
,32,7.56
,33,64.1
,33,31.54
,28,3.96
,27,6.17
,30,6.43
,24,1.25
,26,1.75
,31,18.51
,26,0.87
,26,1.55
,26,7.1
,29,10.5
,30,11.69
,29,4.82
,27,3.34
,29,2.31
,31,23.38
,26,2.17
,31,4.17
,33,40.81
,27,2.8
,31,13.66
,23,1.87
,27,2.02
,30,11.66
,22,0.81
,33,24.18
,24,1.1
,33,33.32
,28,4.33
,31,30.32
,30,4.55
,35,68.86
,27,3.21
,29,8.18
,29,4.01
,29,5.79
,29,4.2
,23,0.96
,26,1.99
,26,2.19
,26,2.7
,34,22.82
,27,2.77
,30,15.94
,27,1.53
,31,13.92
,29,5.59
,30,10.66
,29,4.47
,23,0.54
,26,1.68
,35,62.22
,32,27.32
,30,11.63
,27,3.36
,33,67.44
,31,6.46
,29,4.69
,30,6.34
,25,1.96
,27,3.9
,33,24.26
,26,1.83
,26,2.46
,27,2.07
,26,1.77
,26,1.74
,24,0.73
,32,14.69
,27,1.77
,27,5.23
,24,1.23
,28,5.16
,32,15.91
,23,1.36
,28,6.3
,26,1.47
,30,5.53
,24,0.95
,27,5.08
,28,4.49
,32,11.96
,27,4.53
,31,35.31
,29,4.74
,29,9.0
,28,4.57
,33,56.91
,31,13.29
,33,30.09
,30,5.58
,29,4.72
,22,1.01
,32,62.63
,25,1.43
,26,1.68
,28,7.49
,26,6.03
,34,21.43
,29,2.46
,25,2.41
,29,11.16
,31,10.32
,26,5.26
,24,0.63
,28,5.75
,28,6.21
,31,8.2
,26,2.56
,30,7.28
,32,41.49
,31,17.79
,31,8.05
,23,0.76
,26,5.85
,30,4.95
,29,3.48
,24,1.1
,30,5.2
,21,0.88
,24,2.12
,24,1.58
,26,2.13
,29,5.37
,30,8.02
,31,21.14
,33,39.72
,33,39.46
,24,0.91
,26,4.05
,27,4.02
,26,2.69
,28,3.52
,24,1.58
,31,8.78
,25,1.96
,29,6.05
,23,1.16
,27,2.35
,32,58.99
,33,28.22
,25,1.86
,26,2.21
,27,1.68
,28,4.49
,32,55.59
,24,0.79
,30,19.33
,24,1.58
,31,30.34
,31,13.65
,26,2.08
,32,89.1
,33,25.2
,25,3.83
,31,7.18
,25,2.29
,31,24.96
,26,2.59
,32,23.84
,29,4.54
,29,12.19
,30,28.83
,27,3.21
,29,6.87
,30,12.97
,24,1.06
,32,12.72
,32,18.23
,26,2.08
,25,1.68
,24,1.18
,29,4.87
,26,2.82
,26,2.08
,30,9.97
,23,1.47
,29,10.91
,33,17.57
,29,4.71
,26,1.14
,29,4.79
,33,39.33
,30,14.53
,28,2.02
,31,11.84
,28,5.08
,29,2.56
,26,3.98
,28,4.73
,31,10.53
,25,2.59
,28,7.54
,30,9.04
,34,59.74
,28,4.33
,32,10.05
,32,19.26
,30,4.66
,29,5.2
,30,4.75
,34,15.84
,27,1.86
,32,10.65
,33,19.58
,31,25.89
,27,11.11
,27,2.7
,31,11.29
,26,2.0
,27,1.71
,29,8.17
,27,5.23
,32,19.17
,25,1.93
,29,7.11
,26,1.06
,28,1.76
,26,1.6
,32,12.5
,27,3.02
,30,9.33
,33,21.56
,31,11.02
,27,3.07
,31,10.16
,29,14.98
,23,0.79
,30,13.14
,31,15.54
,28,4.21
,29,4.81
,26,1.73
,30,16.97
,28,18.65
,28,5.85
,26,1.8
,22,0.65
,33,24.94
,25,4.23
,25,1.48
,26,2.74
,29,7.31
,32,26.84
,31,13.87
,26,2.09
,28,3.73
,31,8.3
,29,5.67
,28,4.43
,30,11.37
,29,11.75
,30,17.92
,30,7.48
,29,15.48
,31,28.03
,28,1.84
,21,0.78
,28,3.17
,28,4.1
,27,2.66
,25,1.51
,26,2.42
,25,1.51
,22,0.88
,27,2.33
,30,9.94
,34,24.79
,31,44.72
,28,2.9
,22,0.7
,25,1.63
,33,15.32
,33,11.97
,28,1.8
,30,10.63
,31,21.9
,33,16.25
,25,4.27
,32,63.79
,26,1.08
,31,15.57
,28,3.79
,34,24.41
,24,0.91
,28,3.14
,26,2.22
,31,54.02
,29,7.26
,30,28.24
,30,29.81
,24,1.44
,26,1.78
,24,0.8
,25,2.03
,31,29.59
,30,8.76
,22,0.9
,27,5.96
,26,1.69
,24,2.36
,28,3.36
,31,10.86
,30,21.83
,26,8.96
,26,2.08
,23,1.13
,32,22.69
,23,1.68
,22,0.69
,23,5.63
,26,2.34
,25,1.05
,32,36.96
,33,22.99
,29,4.16
,30,11.49
,25,0.93
,33,30.99
,32,75.32
,30,6.06
,24,2.79
,27,2.44
,29,8.24
,31,4.28
,23,2.3
,30,6.19
,32,25.65
,27,3.41
,31,27.95
,31,10.82
,31,10.94
,31,7.93
,29,4.5
,30,16.49
,33,21.71
,29,2.99
,27,4.98
,25,1.39
,31,21.91
,32,16.71
,30,13.15
,27,3.58
,30,26.13
,32,35.98
,30,8.68
,29,5.89
,27,3.21
,33,36.1
,27,5.93
,32,34.45
,27,7.12
,30,5.88
,31,11.32
,28,2.64
,33,38.41
,31,12.28
,24,1.79
,34,27.98
,30,13.17
,27,2.39
,27,1.62
,34,107.52000000000001
,28,4.65
,32,13.44
,32,18.61
,22,1.19
,26,6.64
,24,0.89
,33,51.62
,25,1.61
,31,21.01
,27,1.37
,25,1.5
,23,1.04
,26,1.76
,25,1.62
,30,6.86
,26,1.15
,25,1.2
,26,1.97
,29,8.31
,31,2.83
,25,1.81
,27,2.42
,25,0.82
,26,3.24
,30,32.46
,33,30.61
,28,5.96
,34,50.5
,28,6.91
,32,24.37
,33,30.41
,27,1.85
,24,1.64
,32,21.45
,26,1.34
,26,1.71
,26,3.08
,32,29.14
,32,27.09
,26,2.27
,34,38.15
,34,35.18
,25,1.86
,31,15.59
,29,27.53
,24,1.16
,25,2.39
,29,16.7
,28,7.43
,28,5.4
,26,2.63
,30,9.69
,25,1.02
,24,1.37
,28,3.09
,30,8.57
,30,4.95
,28,2.57
,30,6.48
,25,1.68
,25,1.2
,28,3.07
,27,4.69
,27,1.8
,25,1.19
,28,2.89
,22,0.81
,25,1.73
,25,1.0
,21,0.89
,25,1.58
,32,53.7
,31,6.48
,32,8.38
,27,2.45
,32,22.79
,30,10.65
,22,0.9
,24,0.83
,32,9.86
,26,1.48
,31,20.12
,32,31.98
,32,19.34
,32,8.37
,27,3.21
,32,30.74
,32,21.59
,33,80.87
,26,1.47
,28,8.73
,31,14.17
,30,8.82
,29,5.95
,32,34.45
,29,2.42
,31,8.16
,27,1.91
,34,51.86
,31,13.1
,26,1.38
,25,0.84
,30,13.87
,27,3.8
,28,3.71
,25,1.03
,26,5.08
,24,1.06
,30,9.55
,25,3.62
,27,6.0
,33,27.71
,28,9.02
,29,11.66
,25,1.5
,30,4.23
,28,2.42
,25,1.26
,25,2.29
,34,25.48
,27,1.18
,29,5.15
,25,2.16
,31,14.6
,28,2.93
,22,0.83
,33,14.53
,30,3.22
,23,1.18
,25,1.59
,29,3.77
,29,3.88
,22,0.63
,33,23.4
,24,1.25
,28,6.32
,30,14.47
,32,18.79
,27,5.88
,27,4.55
,27,1.11
,32,11.51
,32,31.99
,27,4.06
,21,0.7
,22,0.71
,24,1.47
,29,4.89
,27,1.71
,29,11.4
,35,116.34
,32,25.98
,28,1.75
,26,4.91
,25,1.59
,30,3.96
,29,5.38
,27,2.33
,24,2.15
,30,19.02
,28,4.69
,25,1.71
,24,6.55
,29,10.83
,33,38.38
,33,65.39
,24,1.48
,34,57.54
,25,1.72
,25,1.82
,27,5.38
,30,10.43
,31,7.99
,27,3.01
,29,10.13
,32,23.24
,29,5.98
,33,23.33
,25,1.22
,31,19.8
,33,57.47
,30,7.62
,27,2.12
,26,1.85
,29,4.57
,32,33.03
,25,1.95
,23,1.61
,31,14.5
,26,4.0
,33,24.95
,22,0.82
,25,3.17
,33,41.06
,25,0.81
,30,12.97
,26,3.63
,25,2.27
,30,39.6
,30,5.55
,30,9.42
,31,16.82
,32,30.4
,26,3.32
,30,11.82
,26,1.98
,31,18.42
,33,28.46
,27,2.71
,32,23.01
,28,4.59
,28,9.18
,32,15.69
,26,1.19
,33,48.72
,33,33.88
,26,4.26
,33,44.88
,33,26.65
,24,1.33
,29,7.13
,33,22.95
,24,1.0
,32,20.11
,33,34.99
,22,1.08
,31,5.97
,31,19.07
,29,10.02
,34,15.81
,32,22.6
,30,29.84
,27,4.89
,31,12.46
,27,2.44
,31,10.83
,30,7.43
,31,32.42
,30,6.94
,31,31.81
,30,10.83
,26,2.21
,33,29.81
,29,7.56
,32,54.13
,25,1.8
,30,15.17
,29,13.65
,27,2.39
,28,2.4
,25,4.2
,33,31.71
,26,1.7
,35,43.94
,32,19.82
,27,6.87
,28,3.9
,33,49.87
,26,1.86
,30,21.21
,26,3.64
,25,1.56
,29,2.95
,29,3.75
,30,8.26
,33,32.25
,31,13.52
,26,2.37
,27,7.08
,26,2.04
,30,5.49
,27,3.27
,27,1.86
,24,1.13
,28,3.71
,20,0.92
,28,2.25
,27,4.94
,30,14.02
,25,1.58
,31,19.43
,26,2.63
,24,1.37
,31,24.24
,32,23.69
,29,14.79
,28,6.87
,26,3.57
,24,1.18
,20,0.64
,33,43.38
,28,7.12
,31,11.05
,22,0.73
,23,1.74
,29,6.63
,29,5.32
,31,11.12
,32,6.69
,23,2.28
,32,15.62
,29,3.93
,24,0.97
,30,4.49
,31,18.53
,28,11.48
,32,23.56
,30,9.84
,32,33.7
,29,12.47
,24,0.77
,32,10.7
,27,1.8
,27,5.34
,29,8.65
,30,11.73
,32,20.81
,26,3.04
,23,1.23
,34,53.62
,25,2.22
,22,1.04
,27,6.22
,28,7.88
,24,1.14
,28,4.4
,27,3.49
,26,1.64
,32,15.86
,28,6.65
,31,4.39
,25,1.2
,25,0.94
,32,11.92
,25,1.21
,24,0.88
,28,2.77
,30,9.09
,25,0.95
,24,1.45
,28,2.38
,27,3.0
,27,6.03
,32,15.66
,34,79.75
,22,0.66
,26,2.04
,31,6.55
,31,10.64
,30,7.02
,24,2.21
,25,1.31
,27,4.23
,34,93.87
,30,5.92
,34,30.15
,27,4.35
,24,1.56
,26,2.89
,29,10.92
,31,12.79
,29,9.16
,30,3.34
,26,1.91
,27,2.55
,24,0.85
,34,62.45
,25,1.43
,31,4.59
,22,0.96
,27,4.29
,29,12.12
,29,6.29
,25,1.88
,28,2.01
,30,12.44
,26,4.09
,26,1.94
,30,8.5
,30,22.24
,23,1.03
,30,7.63
,25,1.21
,30,12.17
,24,2.14
,33,21.44
,30,30.89
,30,18.77
,31,11.99
,31,18.56
,32,35.2
,27,2.98
,32,83.08
,33,54.06
,32,14.13
,30,10.92
,26,2.37
,24,0.61
,30,13.5
,24,1.17
,25,3.81
,34,33.92
,31,3.96
,30,26.77
,30,25.07
,33,21.53
,31,8.39
,27,1.38
,25,2.7
,28,5.91
,30,12.04
,25,0.97
,23,1.05
,28,7.26
,23,1.13
,29,7.11
,29,8.83
,27,3.07
,25,0.9
,25,1.16
,32,31.11
,30,9.9
,27,1.22
,28,3.96
,26,2.93
,28,2.35
,25,1.17
,25,1.61
,32,20.48
,31,4.61
,33,22.81
,31,15.43
,34,53.04
,29,7.62
,30,8.82
,32,13.41
,26,1.22
,25,2.44
,31,13.05
,29,3.27
,32,69.78999999999999
,26,2.22
,32,20.2
,29,4.38
,28,2.82
,27,1.21
,31,9.23
,32,23.97
,30,9.36
,25,1.23
,30,29.35
,29,11.1
,31,7.97
,25,2.72
,28,2.62
,34,77.62
,29,9.52
,26,2.95
,29,7.99
,31,22.15
,24,1.14
,27,2.96
,30,11.51
,33,19.66
,30,4.45
,27,3.43
,32,18.78
,30,8.27
,31,21.52
,28,5.01
,25,1.8
,28,3.48
,28,6.59
,31,7.52
,26,2.56
,31,5.35
,24,1.11
,27,1.99
,22,0.67
,32,52.97
,22,1.69
,26,1.22
,27,2.18
,32,23.31
,24,2.32
,33,5.16
,33,29.87
,30,6.71
,29,5.75
,27,3.91
,25,2.39
,23,1.02
,34,48.91
,34,72.62
,30,14.35
,31,6.52
,32,11.35
,32,17.18
,24,1.14
,33,23.38
,30,10.29
,28,3.46
,27,3.96
,31,4.56
,33,48.76
,24,2.73
,24,0.58
,26,2.17
,24,0.72
,29,4.96
,31,17.61
,28,7.64
,34,101.81
,31,14.27
,32,68.14
,30,12.72
,30,9.68
,26,2.92
,22,0.67
,30,4.98
,24,1.08
,32,19.2
,32,26.84
,31,18.82
,25,1.7
,31,7.62
,32,6.07
,32,45.43
,33,11.77
,29,6.04
,31,13.95
,24,1.86
,26,2.39
,26,2.95
,21,0.69
,27,5.05
,32,23.48
,25,1.64
,26,1.1
,28,8.54
,26,1.46
,32,35.07
,27,3.49
,25,1.65
,26,1.98
,34,32.39
,30,6.14
,26,5.87
,30,6.88
,29,7.27
,28,4.11
,31,10.34
,25,2.91
,25,1.37
,31,6.79
,28,3.49
,31,19.73
,27,7.98
,27,2.79
,27,1.24
,33,18.6
,27,2.48
,31,23.07
,26,2.3
,27,2.74
,31,10.48
,35,24.36
,32,48.23
,31,7.06
,25,1.64
,32,12.6
,33,35.36
,29,4.2
,31,12.19
,32,30.11
,31,13.74
,29,4.56
,27,1.86
,31,13.71
,26,1.78
,27,3.29
,22,0.83
,23,0.99
,26,3.93
,29,12.05
,32,33.77
,29,11.53
,33,18.58
,28,3.77
,33,32.88
,26,3.97
,28,2.45
,31,6.14
,27,1.42
,26,4.68
,24,1.57
,30,6.89
,28,8.98
,26,1.19
,31,22.69
,27,6.71
,34,69.23
,21,0.51
,23,1.18
,24,5.59
,29,2.81
,29,4.48
,29,4.17
,31,32.19
,29,7.81
,32,13.1
,26,1.69
,28,7.15
,24,1.14
,26,1.69
,31,20.64
,32,28.86
,27,1.83
,30,7.12
,31,10.53
,32,56.64
,30,8.12
,29,5.53
,29,11.02
,28,6.56
,32,21.55
,30,5.81
,32,28.75
,33,39.28
,28,3.51
,24,0.99
,31,8.03
,31,17.61
,31,34.67
,31,14.4
,27,3.04
,29,7.26
,23,1.05
,29,9.18
,26,3.09
,27,10.63
,29,17.55
,27,2.3
,32,33.28
,31,17.57
,25,1.68
,27,2.49
,24,3.74
,24,2.49
,24,1.01
,25,2.02
,31,20.81
,30,6.91
,31,32.55
,33,30.86
,25,2.51
,30,8.5
,24,0.95
,31,7.32
,32,31.92
,29,14.86
,30,13.94
,31,13.96
,24,1.03
,28,3.08
,29,4.52
,30,9.34
,30,10.99
,29,6.56
,31,12.55
,27,4.96
,25,2.04
,29,6.43
,32,26.98
,26,1.5
,25,0.82
,29,7.63
,28,2.75
,27,1.65
,31,7.73
,32,32.61
,27,1.02
,30,17.42
,28,8.63
,33,18.8
,25,1.94
,29,2.78
,30,9.95
,29,5.28
,22,0.73
,26,2.83
,33,27.12
,30,16.88
,34,37.62
,29,7.93
,24,1.72
,31,10.28
,32,20.32
,31,25.6
,24,1.26
,29,7.23
,27,2.68
,23,1.22
,31,16.53
,29,7.79
,30,5.31
,33,19.04
,24,0.81
,26,1.14
,30,8.53
,28,8.31
,22,1.04
,25,0.92
,31,18.07
,28,8.29
,26,2.23
,28,5.23
,32,10.51
,29,5.11
,27,2.29
,29,30.48
,30,4.81
,29,21.02
,33,20.82
,23,1.19
,32,14.95
,32,21.26
,33,30.07
,29,4.86
,27,2.39
,26,3.07
,28,1.94
,31,7.81
,29,10.27
,21,0.57
,24,1.08
,31,13.57
,27,4.49
,31,5.36
,33,33.02
,23,2.02
,30,14.58
,32,23.51
,29,5.32
,21,0.59
,29,4.56
,30,12.44
,31,34.03
,31,10.84
,23,1.18
,23,0.58
,26,4.52
,32,22.72
,29,3.39
,23,0.81
,33,53.24
,27,3.76
,28,5.46
,26,1.55
,29,5.96
,24,2.44
,30,11.18
,28,22.71
,30,6.14
,29,7.91
,30,7.18
,27,4.01
,27,1.03
,23,1.12
,25,2.74
,27,1.35
,29,7.44
,24,0.86
,31,12.13
,27,6.88
,26,5.34
,28,5.01
,32,16.92
,27,4.1
,32,8.98
,24,1.19
,29,8.14
,28,4.42
,33,18.81
,28,2.96
,26,1.74
,29,9.0
,31,17.46
,30,9.86
,27,5.89
,34,21.77
,27,2.87
,23,1.09
,32,12.71
,29,10.17
,30,15.63
,29,10.74
,29,13.24
,31,10.3
,25,3.13
,26,1.26
,35,67.36
,28,4.93
,29,5.58
,28,6.7
,30,6.44
,28,6.61
,29,8.82
,29,4.35
,31,9.02
,26,1.96
,28,6.6
,24,0.89
,26,2.41
,27,2.46
,31,9.69
,30,25.46
,26,4.61
,26,2.05
,27,2.2
,30,7.17
,31,12.46
,29,2.94
,26,2.19
,31,19.7
,28,3.5
,26,1.49
,29,2.54
,25,2.49
,27,2.51
,29,4.63
,29,8.58
,31,30.16
,32,30.82
,32,29.53
,28,3.85
,31,6.12
,28,1.85
,26,1.95
,34,105.99000000000001
,25,2.71
,27,1.54
,26,2.19
,20,0.71
,34,45.46
,28,4.86
,22,0.66
,30,11.26
,32,23.54
,31,20.77
,32,15.25
,27,7.92
,31,8.45
,25,1.51
,25,2.97
,24,2.19
,27,2.96
,26,2.2
,31,16.9
,31,9.73
,28,5.47
,29,4.15
,31,9.84
,28,6.19
,23,0.56
,28,2.35
,26,1.73
,30,8.4
,30,3.51
,32,43.36
,31,6.64
,24,0.85
,30,19.4
,26,3.42
,26,3.39
,29,6.76
,29,8.62
,31,13.92
,28,3.33
,31,27.21
,27,3.63
,32,13.54
,23,1.19
,30,10.29
,30,20.35
,30,8.66
,32,21.47
,30,7.35
,31,16.76
,21,0.57
,28,2.61
,30,9.0
,32,24.7
,24,0.83
,27,4.13
,25,4.59
,24,1.17
,31,15.73
,29,6.34
,28,3.95
,35,53.26
,29,9.03
,29,13.69
,27,4.42
,29,11.36
,26,1.5
,30,10.96
,33,61.04
,30,22.15
,24,1.03
,29,5.99
,28,7.4
,25,0.73
,23,1.51
,30,5.26
,30,8.79
,23,1.24
,29,4.73
,26,1.88
,27,2.67
,21,0.67
,30,6.48
,22,0.64
,32,28.38
,25,1.91
,28,2.4
,28,3.99
,25,1.34
,32,66.88
,26,3.8
,23,0.89
,34,28.28
,29,2.12
,33,41.86
,22,0.83
,33,13.88
,29,6.45
,29,8.49
,25,1.75
,34,39.57
,31,15.23
,28,2.79
,33,16.83
,24,2.04
,32,13.03
,32,13.16
,33,23.17
,27,4.09
,33,48.05
,30,7.48
,29,3.51
,30,23.43
,30,7.79
,23,0.65
,32,11.16
,29,2.82
,25,2.08
,24,1.04
,24,1.99
,28,2.15
,32,8.6
,35,149.68
,28,1.46
,29,1.68
,29,10.83
,31,13.35
,27,1.64
,30,14.28
,27,1.47
,27,4.74
,26,1.83
,30,8.9
,32,20.55
,27,3.53
,27,6.32
,26,2.27
,26,1.4
,22,0.75
,32,19.38
,27,1.85
,23,1.37
,22,0.92
,28,3.75
,29,10.12
,26,2.2
,27,2.6
,25,2.3
,25,1.54
,24,0.86
,23,1.32
,30,3.02
,28,6.18
,24,1.76
,23,0.8
,21,1.29
,31,7.56
,24,0.82
,33,15.85
,30,9.67
,30,9.64
,27,2.2
,29,5.28
,28,6.52
,31,14.24
,23,1.12
,25,1.13
,33,20.57
,31,9.67
,32,15.4
,32,28.11
,28,5.35
,28,5.33
,30,3.03
,35,50.93
,33,27.86
,28,2.89
,26,2.21
,28,2.53
,27,1.87
,26,4.02
,29,4.71
,33,26.88
,29,12.78
,29,4.15
,19,0.55
,32,16.21
,28,5.63
,30,7.2
,24,1.27
,23,3.77
,22,1.11
,29,6.55
,31,10.84
,27,1.9
,22,0.61
,29,5.19
,29,4.05
,28,4.05
,29,6.27
,25,0.92
,25,1.52
,31,25.73
,31,12.76
,33,30.01
,32,11.39
,29,4.51
,28,3.88
,29,11.21
,28,2.92
,28,3.37
,29,5.37
,25,1.73
,29,7.5
,28,3.26
,25,1.82
,27,2.96
,31,12.15
,24,0.99
,26,2.47
,29,5.99
,28,2.67
,25,1.4
,31,16.74
,31,7.41
,26,2.46
,30,4.99
,29,5.55
,32,14.3
,22,0.83
,26,5.34
,30,7.56
,28,5.16
,25,1.66
,30,13.83
,31,15.07
,28,3.04
,33,12.06
,29,3.77
,29,4.4
,22,0.69
,22,0.77
,31,13.48
,32,21.68
,32,13.56
,26,1.9
,32,39.53
,28,7.03
,30,6.94
,33,23.85
,32,22.15
,34,25.52
,30,5.19
,31,13.64
,30,23.74
,26,2.56
,27,6.24
,23,0.9
,28,8.44
,34,57.86
,30,17.93
,26,1.92
,33,15.67
,28,4.33
,25,3.89
,23,0.53
,24,0.78
,27,4.8
,25,1.38
,32,30.71
,29,2.5
,31,24.91
,30,7.27
,31,21.47
,29,7.44
,28,8.41
,28,3.34
,30,13.94
,31,10.19
,29,4.62
,25,3.43
,32,26.63
,30,11.71
,31,28.54
,31,10.48
,23,0.57
,34,60.47
,29,8.64
,29,11.19
,27,2.7
,31,6.57
,33,26.57
,23,1.25
,33,47.25
,25,1.82
,30,9.36
,33,24.89
,34,48.07
,28,4.35
,24,1.7
,33,27.15
,28,2.79
,23,0.79
,29,6.04
,32,19.71
,25,2.53
,28,2.52
,27,3.2
,28,3.26
,29,5.57
,27,4.72
,32,19.12
,24,1.96
,30,4.47
,28,2.58
,33,18.26
,30,25.81
,31,39.89
,23,0.89
,29,6.36
,29,8.62
,29,3.71
,32,11.08
,26,1.59
,28,3.42
,32,22.44
,34,21.19
,22,1.22
,31,21.79
,26,1.47
,24,1.09
,29,7.91
,23,1.05
,23,0.83
,30,4.52
,35,128.78
,29,6.41
,26,4.09
,33,23.96
,30,31.48
,26,1.64
,32,19.03
,31,14.76
,29,11.15
,29,7.7
,22,0.64
,25,1.92
,29,2.1
,27,1.95
,23,0.82
,26,1.96
,31,12.29
,27,4.12
,28,5.01
,29,7.28
,30,8.77
,28,3.0
,34,20.01
,31,12.07
,33,29.48
,28,12.64
,28,2.76
,27,4.49
,23,1.06
,33,17.09
,29,4.37
,30,5.79
,31,3.68
,29,17.73
,32,17.47
,27,1.89
,24,1.07
,27,4.07
,23,0.75
,31,6.71
,31,22.25
,29,4.44
,29,10.24
,28,4.09
,32,21.3
,31,17.94
,33,17.5
,30,24.95
,27,1.65
,25,2.24
,27,4.65
,29,17.08
,28,6.43
,21,0.64
,24,1.84
,28,6.37
,22,0.7
,28,2.35
,29,6.78
,27,4.85
,26,1.25
,24,1.57
,21,0.83
,28,1.7
,34,14.47
,31,15.5
,29,9.99
,34,51.7
,28,6.06
,28,4.57
,31,42.56
,29,9.7
,21,0.62
,31,12.77
,24,1.41
,23,1.2
,32,28.3
,23,1.26
,28,4.32
,26,3.15
,32,22.31
,30,5.35
,30,25.82
,28,6.19
,27,1.19
,28,1.27
,27,2.09
,29,10.06
,29,17.08
,34,21.07
,28,4.51
,24,1.36
,33,59.51
,27,5.19
,25,2.0
,28,6.43
,30,9.61
,26,2.18
,28,3.33
,26,3.69
,28,9.41
,28,3.06
,26,1.16
,34,46.06
,27,4.01
,30,5.53
,31,14.81
,25,3.03
,34,52.28
,31,81.47
,22,0.58
,32,15.12
,27,1.52
,23,1.62
,25,1.11
,25,2.43
,30,13.34
,25,1.35
,21,0.75
,34,93.25
,28,3.91
,26,6.29
,27,4.48
,31,10.5
,30,19.66
,30,8.4
,23,2.31
,21,1.1
,27,2.36
,31,7.74
,28,3.48
,30,7.84
,30,7.38
,27,5.35
,28,4.69
,34,62.81
,25,1.89
,29,11.82
,26,2.21
,33,29.95
,31,17.17
,26,2.69
,25,2.41
,30,17.84
,25,1.23
,25,1.12
,33,17.15
,32,10.49
,32,15.66
,31,19.28
,33,12.69
,23,0.76
,33,24.39
,28,5.64
,31,10.21
,33,29.0
,26,1.87
,32,15.17
,24,1.17
,31,5.51
,25,1.0
,27,2.21
,30,4.06
,30,18.2
,25,1.85
,29,5.64
,32,10.21
,27,3.56
,29,2.84
,27,1.41
,30,7.61
,29,10.6
,29,2.91
,29,3.43
,22,0.78
,31,12.22
,33,46.75
,26,1.75
,31,28.92
,22,0.78
,31,19.09
,31,12.25
,28,10.34
,28,3.14
,29,9.88
,25,3.87
,33,15.07
,28,5.58
,32,16.84
,29,4.1
,27,3.34
,32,15.85
,32,10.94
,31,19.0
,24,1.72
,28,14.58
,29,3.55
,26,1.57
,31,19.53
,35,115.67
,26,5.01
,31,28.84
,24,0.7
,27,1.25
,29,3.38
,24,0.94
,25,2.6
,25,2.33
,23,1.06
,30,16.74
,26,1.59
,31,19.07
,31,14.28
,20,0.74
,28,4.01
,31,10.32
,29,3.73
,28,2.52
,29,9.91
,27,2.34
,32,11.97
,27,1.71
,30,12.57
,23,0.75
,29,17.47
,22,0.73
,31,28.98
,22,0.99
,33,29.49
,34,96.55
,30,5.7
,27,5.9
,25,1.24
,21,0.8
,33,78.87
,31,3.68
,24,1.2
,33,52.32
,29,3.88
,28,14.35
,28,4.44
,26,3.11
,27,5.56
,30,10.95
,33,36.17
,27,6.47
,27,3.58
,30,9.2
,26,1.95
,25,1.49
,27,9.84
,30,9.7
,32,22.62
,31,6.45
,31,10.13
,24,0.81
,28,3.36
,31,17.67
,31,33.2
,31,14.93
,32,17.28
,31,13.01
,29,3.61
,28,19.76
,29,10.11
,24,1.3
,26,3.27
,28,2.25
,19,0.51
,27,3.54
,32,14.48
,24,0.75
,30,17.71
,36,99.7
,32,31.4
,32,33.28
,29,10.54
,27,5.78
,26,1.95
,24,2.36
,27,3.83
,25,2.66
,22,0.9
,29,10.51
,27,5.64
,29,4.32
,27,9.66
,27,3.69
,27,7.35
,23,2.14
,28,2.25
,31,21.8
,31,9.77
,30,9.62
,30,5.99
,30,5.88
,30,21.55
,24,0.92
,32,16.08
,34,41.56
,28,8.42
,31,16.75
,31,11.72
,30,7.19
,30,3.89
,28,2.97
,28,4.63
,27,1.54
,26,2.76
,30,3.44
,25,1.85
,28,4.98
,28,7.59
,28,5.86
,26,1.13
,32,19.53
,30,15.02
,32,18.58
,29,4.49
,29,4.27
,33,36.31
,30,5.79
,29,2.65
,32,18.08
,32,21.94
,24,0.67
,30,17.57
,30,4.39
,29,9.57
,32,28.58
,35,36.58
,31,7.04
,34,42.09
,30,10.23
,27,9.6
,25,2.17
,32,13.5
,26,2.29
,32,28.71
,29,11.43
,31,10.19
,23,0.6
,29,6.28
,31,14.25
,31,15.12
,25,1.46
,28,6.16
,30,7.2
,29,10.63
,26,3.13
,29,3.63
,31,31.06
,29,2.92
,31,15.0
,27,2.15
,23,0.92
,29,7.76
,25,1.26
,26,2.67
,24,0.65
,31,20.34
,27,2.78
,29,6.52
,33,54.42
,32,16.76
,27,1.7
,31,11.96
,22,0.84
,32,24.13
,28,3.41
,31,8.46
,27,2.76
,25,1.16
,25,1.39
,31,18.28
,31,11.03
,33,24.97
,24,1.75
,32,26.64
,29,3.36
,29,3.99
,32,21.15
,25,0.98
,32,11.3
,21,1.4
,28,5.06
,30,5.33
,24,1.3
,32,29.21
,28,14.67
,28,1.47
,32,24.63
,26,1.99
,28,4.09
,29,23.38
,25,1.02
,32,22.51
,26,1.4
,26,2.25
,24,2.13
,32,18.45
,26,2.91
,31,21.35
,29,8.67
,30,13.04
,28,7.2
,29,12.22
,21,0.73
,23,2.47
,32,14.6
,29,6.88
,26,2.75
,30,12.69
,30,8.34
,30,8.73
,24,0.91
,24,0.86
,28,1.83
,25,1.56
,28,14.63
,28,9.2
,25,0.73
,31,11.22
,25,2.75
,30,11.27
,31,8.95
,32,52.98
,28,2.06
,34,21.89
,31,15.29
,30,7.18
,29,8.1
,22,2.37
,26,2.41
,29,8.11
,31,24.35
,25,0.62
,30,5.16
,30,6.57
,31,13.84
,31,17.84
,32,10.62
,31,8.21
,31,28.28
,31,19.67
,28,4.64
,31,6.45
,31,10.51
,32,13.75
,32,64.92
,30,14.98
,25,2.69
,28,7.38
,29,6.76
,28,4.55
,31,6.43
,32,23.9
,32,13.92
,29,5.49
,29,7.44
,30,10.0
,26,3.07
,27,1.8
,34,58.1
,27,4.39
,27,7.75
,28,2.64
,32,12.65
,30,5.76
,28,3.58
,32,50.6
,33,22.47
,28,9.83
,26,3.39
,31,8.01
,25,0.98
,30,22.94
,27,1.76
,30,7.38
,25,2.76
,31,16.11
,27,9.95
,23,4.46
,27,6.6
,24,2.5
,24,1.96
,35,38.35
,26,3.72
,35,75.2
,24,0.9
,29,2.24
,26,1.56
,33,34.71
,29,4.53
,24,3.37
,27,3.02
,29,4.21
,24,0.76
,29,6.25
,23,1.41
,22,0.86
,28,3.18
,28,3.31
,30,11.0
,32,12.64
,23,0.9
,29,5.19
,25,1.93
,31,4.53
,32,21.76
,29,8.86
,28,6.02
,33,35.81
,32,17.09
,26,2.03
,29,11.87
,26,4.13
,29,4.05
,32,13.96
,30,9.06
,25,1.18
,32,10.92
,31,10.97
,27,3.82
,29,2.95
,27,3.46
,30,12.68
,23,0.61
,29,2.59
,34,27.25
,26,1.06
,25,2.42
,24,1.59
,32,28.91
,33,38.77
,28,3.79
,32,34.37
,25,2.46
,29,4.53
,34,49.15
,25,1.63
,33,50.75
,27,8.12
,22,0.81
,29,4.96
,30,6.05
,30,12.66
,25,0.92
,30,25.59
,24,2.04
,30,9.55
,34,52.46
,25,1.03
,26,2.82
,29,8.74
,28,5.77
,32,6.25
,31,17.01
,31,7.47
,25,3.71
,32,11.76
,32,19.65
,24,1.77
,25,1.81
,24,2.41
,26,2.88
,28,9.23
,25,1.64
,25,2.55
,28,3.23
,27,2.68
,33,15.45
,30,20.84
,26,2.12
,30,7.78
,27,3.06
,33,15.83
,22,1.83
,33,34.82
,23,1.46
,31,9.95
,29,10.8
,33,23.28
,29,7.53
,27,2.47
,28,2.7
,24,1.39
,25,2.54
,27,2.06
,25,2.4
,24,1.24
,30,10.22
,30,8.92
,32,20.19
,28,6.16
,34,49.27
,32,32.05
,30,2.96
,31,7.64
,25,1.19
,25,2.33
,27,6.59
,26,1.08
,33,50.56
,32,36.51
,30,6.92
,25,1.57
,33,23.73
,27,3.9
,35,76.63
,25,1.28
,31,12.92
,24,2.12
,27,1.69
,29,5.6
,24,1.23
,30,5.85
,28,5.1
,32,21.38
,28,4.37
,30,7.21
,33,50.85
,23,1.44
,31,8.04
,29,18.74
,28,2.03
,32,34.9
,29,5.76
,28,5.01
,25,5.43
,28,3.17
,30,10.77
,30,5.61
,26,1.72
,25,0.82
,30,9.36
,25,1.54
,25,1.85
,32,35.72
,32,17.15
,27,3.44
,27,5.38
,30,9.79
,31,27.98
,29,10.03
,30,9.92
,24,1.39
,32,15.51
,27,3.15
,31,11.25
,27,4.55
,31,10.02
,29,5.87
,24,1.07
,31,9.2
,26,10.29
,27,2.02
,30,10.84
,27,2.32
,25,6.55
,24,1.1
,24,0.85
,33,19.27
,25,2.15
,22,0.81
,30,11.56
,29,7.79
,32,23.11
,31,22.78
,27,3.65
,27,1.97
,30,9.14
,26,1.68
,28,2.85
,29,12.63
,28,4.46
,29,8.42
,30,10.11
,23,0.91
,29,10.19
,23,1.71
,25,3.52
,25,2.53
,29,3.52
,27,4.0
,24,1.09
,25,4.02
,30,7.46
,31,21.86
,29,3.57
,30,5.81
,31,7.42
,29,6.15
,29,3.84
,26,3.89
,24,1.79
,32,25.74
,31,20.36
,23,0.88
,27,2.06
,30,21.58
,32,49.84
,29,3.32
,31,14.23
,30,17.43
,26,5.01
,31,14.07
,28,3.96
,28,6.57
,27,2.17
,25,3.65
,24,0.72
,35,98.36
,31,10.5
,26,2.55
,28,2.13
,32,18.62
,32,12.28
,28,5.8
,23,1.3
,28,9.32
,32,8.97
,28,7.24
,30,12.19
,27,3.3
,32,9.26
,26,3.82
,30,7.89
,23,0.81
,32,19.6
,28,2.68
,29,2.12
,29,9.84
,26,1.76
,32,49.59
,31,21.37
,33,21.08
,32,25.62
,29,5.33
,34,55.99
,31,4.74
,31,8.39
,23,1.2
,29,11.79
,26,1.49
,32,48.63
,31,10.19
,25,2.89
,32,34.49
,28,6.18
,35,114.28999999999999
,25,1.4
,23,1.13
,24,1.15
,23,0.86
,22,0.91
,29,3.96
,28,4.4
,26,1.53
,31,12.49
,30,5.71
,23,0.76
,33,50.31
,27,5.54
,30,14.89
,32,31.31
,28,3.13
,25,1.79
,30,4.98
,26,1.73
,31,10.25
,25,1.14
,26,3.73
,34,32.63
,33,16.65
,25,3.91
,32,16.9
,32,14.49
,30,18.61
,28,4.33
,32,11.57
,30,10.58
,31,48.61
,26,2.34
,31,31.78
,21,0.68
,27,1.98
,29,7.28
,26,1.9
,29,16.36
,24,1.83
,29,15.28
,31,20.36
,29,7.96
,26,1.38
,23,0.98
,24,1.61
,24,1.99
,31,12.56
,26,5.48
,30,6.09
,27,1.57
,32,22.24
,27,3.74
,32,8.13
,24,1.12
,30,8.29
,31,19.75
,28,3.63
,25,2.47
,34,36.34
,27,4.55
,32,41.89
,25,0.95
,30,9.72
,26,5.52
,32,28.04
,33,23.27
,29,7.92
,28,9.24
,30,4.23
,28,4.77
,28,5.77
,31,12.28
,28,2.37
,32,16.6
,32,15.36
,29,9.24
,28,5.58
,29,9.87
,27,3.29
,30,5.1
,24,0.9
,31,28.19
,20,0.76
,26,1.62
,25,1.79
,24,0.86
,27,2.01
,28,10.15
,26,2.09
,24,1.03
,22,1.31
,30,8.33
,25,2.5
,28,2.01
,28,9.02
,23,1.17
,28,2.16
,26,0.77
,26,2.11
,30,20.6
,23,1.33
,25,3.22
,26,1.3
,27,1.51
,25,1.92
,29,3.37
,33,28.75
,22,0.88
,28,1.31
,22,0.76
,32,15.91
,23,0.63
,31,10.6
,23,0.78
,25,3.07
,30,20.04
,27,3.08
,22,0.95
,24,1.41
,31,41.34
,31,50.33
,28,7.94
,28,2.86
,31,20.0
,30,9.91
,32,34.08
,27,2.29
,30,10.51
,31,8.04
,24,1.23
,23,1.04
,26,2.52
,27,2.11
,29,8.02
,32,9.79
,26,1.24
,30,5.03
,31,22.41
,31,18.5
,24,1.82
,33,8.35
,29,5.53
,30,4.11
,27,2.31
,29,5.12
,29,7.85
,21,1.09
,26,1.77
,22,2.36
,26,1.17
,22,0.91
,28,3.87
,29,5.87
,31,15.85
,31,14.67
,24,0.91
,23,1.1
,32,31.74
,28,4.09
,27,4.19
,33,19.57
,27,2.73
,33,18.84
,25,3.21
,32,5.24
,29,3.05
,30,8.11
,33,18.22
,26,2.1
,27,1.86
,23,1.12
,31,9.05
,24,2.15
,32,9.73
,31,25.72
,27,4.79
,31,15.9
,28,4.89
,23,1.71
,29,4.49
,31,14.94
,28,9.22
,24,1.23
,34,36.69
,27,1.88
,29,17.22
,28,1.94
,25,2.61
,29,2.94
,24,1.58
,25,1.97
,30,6.71
,28,3.84
,24,1.54
,32,18.27
,24,1.84
,25,2.8
,30,6.83
,32,39.71
,26,1.99
,24,0.94
,31,10.43
,28,7.32
,31,12.8
,30,14.28
,34,32.27
,32,36.31
,26,2.81
,31,14.0
,25,1.61
,28,6.49
,29,10.12
,25,2.32
,25,1.59
,34,72.62
,29,5.97
,33,50.29
,26,2.45
,31,21.93
,26,3.58
,30,9.18
,34,53.28
,30,3.35
,29,14.04
,29,4.04
,28,2.0
,30,2.65
,30,6.58
,31,17.67
,31,16.06
,32,10.0
,26,1.08
,28,3.5
,30,26.16
,31,15.62
,22,0.71
,26,2.04
,27,5.17
,31,9.05
,34,46.1
,29,8.48
,31,3.53
,32,15.18
,27,1.43
,31,18.03
,25,1.53
,30,5.36
,29,9.93
,31,16.67
,31,5.4
,25,1.41
,25,1.74
,34,31.96
,27,3.41
,27,5.63
,26,1.97
,30,8.41
,33,14.98
,28,3.84
,24,2.2
,26,1.53
,29,4.3
,32,12.31
,27,5.67
,31,13.96
,27,7.98
,28,3.94
,32,34.96
,28,5.55
,24,0.79
,27,6.29
,33,10.47
,25,4.03
,22,0.73
,33,53.38
,26,1.99
,27,7.0
,25,0.93
,31,30.75
,27,4.38
,29,14.47
,33,30.01
,32,15.08
,29,6.23
,29,6.59
,31,6.52
,32,20.05
,29,3.68
,29,2.87
,28,3.72
,34,31.58
,26,2.14
,27,1.86
,30,6.07
,29,3.41
,30,27.2
,22,0.71
,23,0.82
,30,30.8
,31,14.65
,32,8.05
,32,13.53
,24,1.53
,32,20.0
,32,33.51
,31,24.94
,27,7.27
,33,24.23
,26,3.49
,34,63.73
,28,4.86
,25,1.57
,26,3.08
,29,11.14
,29,3.87
,24,1.81
,28,5.93
,30,2.46
,33,30.22
,30,9.21
,31,16.03
,26,3.65
,28,3.14
,27,1.75
,27,2.97
,24,2.02
,30,8.1
,28,5.19
,32,13.92
,27,5.01
,26,1.36
,28,3.79
,28,4.45
,24,1.31
,26,0.98
,32,18.14
,32,32.22
,28,3.75
,28,3.51
,29,10.45
,28,2.94
,26,3.13
,29,4.99
,32,27.33
,26,2.36
,24,0.96
,26,2.25
,30,4.54
,22,0.87
,32,18.37
,29,6.18
,28,5.23
,27,1.28
,27,6.64
,27,2.46
,27,7.77
,29,8.37
,30,8.01
,29,15.97
,24,1.54
,27,2.61
,32,23.25
,30,15.19
,30,14.27
,28,5.54
,24,1.15
,23,0.7
,25,1.31
,25,2.31
,28,3.32
,31,5.3
,24,0.73
,30,20.62
,30,4.49
,24,1.11
,32,16.47
,28,2.73
,28,6.26
,32,21.17
,27,5.09
,34,78.68
,32,5.91
,25,1.2
,31,19.43
,24,0.98
,29,4.73
,28,2.59
,29,5.7
,28,2.94
,30,17.69
,23,1.72
,31,10.43
,25,1.09
,28,3.24
,25,3.47
,32,17.89
,30,4.78
,30,11.37
,27,2.85
,26,1.82
,31,59.69
,27,2.28
,28,5.92
,28,2.12
,23,1.05
,29,4.54
,28,2.32
,32,17.61
,26,1.94
,27,1.96
,32,27.69
,24,0.93
,29,13.27
,31,10.64
,28,12.35
,29,4.63
,23,1.09
,30,23.13
,25,1.29
,25,2.34
,30,15.05
,32,36.62
,29,5.54
,22,0.98
,26,1.53
,35,126.73
,25,1.2
,28,3.36
,30,7.71
,27,2.01
,29,3.81
,32,16.37
,27,5.68
,29,9.34
,28,2.02
,33,40.61
,32,13.44
,32,42.94
,34,59.66
,27,2.19
,32,12.67
,26,2.57
,25,1.09
,30,14.91
,27,6.51
,25,2.23
,27,8.54
,23,0.73
,33,17.05
,29,21.43
,25,1.4
,29,3.28
,27,2.85
,30,10.63
,24,2.04
,30,28.58
,35,130.83
,28,6.87
,25,1.78
,33,18.71
,28,7.42
,27,2.41
,23,0.81
,32,48.02
,31,13.0
,26,2.79
,31,8.8
,30,7.53
,25,1.61
,26,3.66
,24,1.13
,33,32.0
,31,29.06
,31,7.79
,27,3.17
,24,1.04
,30,20.28
,30,8.15
,31,16.43
,28,5.98
,24,1.19
,32,23.47
,31,9.82
,32,33.86
,29,5.84
,29,4.14
,31,11.45
,24,0.89
,29,6.2
,33,58.26
,23,1.32
,24,1.53
,29,14.69
,31,21.05
,29,6.5
,25,2.2
,32,16.6
,32,26.77
,23,0.98
,24,1.45
,24,3.9
,28,7.52
,29,6.69
,32,12.56
,32,13.04
,29,14.87
,32,12.68
,27,3.78
,32,28.33
,26,4.82
,33,21.57
,25,3.46
,33,22.33
,29,6.02
,29,6.12
,31,5.33
,30,18.76
,29,5.11
,25,0.87
,28,2.94
,24,1.94
,26,0.92
,26,3.67
,33,26.71
,27,4.83
,31,15.04
,31,10.64
,27,2.52
,28,3.49
,34,44.03
,26,1.43
,29,3.28
,26,1.54
,25,1.66
,23,1.49
,29,7.26
,25,1.39
,34,23.97
,26,2.65
,28,6.38
,31,7.01
,25,1.22
,30,10.37
,35,60.71
,32,29.22
,28,3.08
,30,11.14
,30,9.61
,28,1.7
,29,6.06
,26,1.96
,33,67.62
,25,2.86
,24,2.51
,26,2.86
,24,0.89
,28,5.1
,31,33.11
,34,45.91
,31,5.75
,30,15.45
,33,28.21
,25,1.1
,25,1.15
,24,1.05
,24,0.95
,29,3.24
,24,0.79
,27,1.58
,28,2.93
,28,2.45
,29,6.53
,28,4.3
,33,88.76
,29,5.1
,32,16.61
,25,2.48
,31,22.47
,30,12.5
,25,2.19
,30,8.33
,30,15.08
,27,4.6
,31,20.12
,31,26.85
,27,4.17
,29,8.48
,24,1.69
,30,16.83
,27,5.59
,30,4.14
,30,9.51
,30,11.13
,29,9.0
,30,8.81
,31,13.46
,26,2.86
,23,0.83
,31,13.04
,22,0.64
,30,5.86
,29,3.16
,29,2.74
,32,26.95
,33,21.12
,28,2.53
,23,0.83
,23,0.98
,26,2.93
,30,18.77
,29,10.22
,28,15.3
,32,20.22
,28,3.39
,29,6.01
,24,1.12
,28,3.81
,30,12.11
,30,14.9
,27,3.32
,23,0.83
,30,4.16
,31,26.11
,32,26.13
,33,12.23
,29,3.9
,32,7.76
,32,74.88
,28,2.2
,27,3.39
,28,4.16
,33,71.09
,32,8.32
,32,30.7
,30,4.19
,30,21.66
,21,0.6
,30,35.11
,27,7.53
,30,14.94
,26,2.27
,29,4.47
,30,6.78
,24,0.67
,33,28.73
,27,3.21
,27,1.6
,29,3.11
,33,24.7
,30,3.89
,24,0.99
,30,9.09
,23,1.73
,25,1.74
,29,5.29
,27,3.23
,31,4.36
,26,1.62
,29,2.62
,27,2.66
,31,9.48
,30,13.26
,29,11.72
,29,6.06
,32,27.94
,28,7.48
,31,11.97
,25,4.71
,25,1.21
,27,14.68
,32,13.22
,29,5.96
,32,14.13
,28,3.45
,26,1.03
,27,4.41
,31,14.29
,22,1.07
,29,9.08
,28,1.52
,33,12.0
,29,8.19
,30,13.41
,30,8.17
,30,10.56
,32,32.34
,25,2.63
,29,13.43
,26,1.16
,28,4.45
,29,5.86
,29,3.73
,24,0.89
,24,1.23
,26,2.35
,26,1.67
,26,1.69
,31,7.55
,27,2.09
,32,19.68
,26,1.22
,21,1.14
,25,0.67
,33,23.82
,26,1.45
,32,28.26
,30,8.34
,30,11.04
,32,12.52
,34,19.99
,27,2.34
,27,3.25
,24,1.26
,23,1.77
,33,11.67
,32,23.08
,30,24.27
,30,20.94
,24,1.37
,25,2.01
,28,3.66
,26,1.28
,28,3.34
,33,74.67
,26,2.28
,29,2.48
,26,1.96
,25,3.63
,29,7.07
,28,2.59
,27,5.7
,27,2.69
,32,34.39
,25,1.28
,32,15.74
,29,6.34
,26,3.98
,23,1.12
,31,16.39
,31,20.78
,25,1.04
,32,38.45
,34,75.16
,30,17.87
,25,1.44
,31,55.92
,28,2.17
,32,37.08
,26,1.87
,26,2.11
,25,4.07
,32,50.89
,33,18.23
,33,40.29
,28,2.12
,28,4.31
,32,8.82
,24,0.97
,29,7.72
,31,17.61
,23,0.8
,25,1.38
,29,6.58
,22,0.74
,30,13.3
,33,22.57
,32,26.01
,30,14.48
,28,7.59
,24,1.16
,25,3.02
,28,2.44
,24,1.82
,31,6.66
,26,2.96
,31,16.56
,33,39.59
,30,8.91
,23,0.83
,31,33.89
,28,2.35
,29,5.9
,29,12.86
,30,8.12
,27,1.69
,32,12.97
,25,1.13
,21,0.79
,29,3.95
,27,6.44
,26,1.21
,23,1.18
,31,25.29
,24,1.21
,28,2.92
,32,12.62
,28,3.52
,30,36.14
,28,4.19
,30,5.85
,27,3.35
,26,2.26
,26,2.57
,30,8.74
,33,31.6
,29,5.91
,25,1.7
,23,0.68
,24,1.33
,28,4.34
,33,16.15
,31,9.99
,30,22.41
,24,1.4
,23,0.75
,29,3.75
,28,7.69
,30,5.31
,27,1.65
,27,2.19
,25,1.28
,28,3.89
,31,59.18
,32,25.62
,29,2.25
,30,19.19
,24,1.4
,29,3.25
,32,13.4
,32,13.38
,30,13.73
,23,0.65
,25,1.36
,33,26.61
,32,9.07
,26,2.63
,27,1.2
,32,12.28
,31,51.23
,33,20.57
,28,4.59
,32,27.34
,33,18.98
,29,9.57
,29,3.09
,24,1.04
,32,44.09
,30,7.6
,29,3.26
,34,42.09
,26,8.55
,22,0.87
,28,4.48
,30,12.26
,26,2.27
,24,0.69
,27,2.66
,29,5.48
,31,21.62
,28,4.47
,30,7.25
,29,9.54
,28,2.1
,29,2.43
,34,60.08
,22,1.35
,33,9.63
,31,23.35
,21,0.49
,28,5.82
,26,1.61
,33,20.78
,26,5.35
,24,1.34
,31,37.22
,30,20.19
,31,15.06
,25,1.36
,30,5.88
,28,5.17
,22,1.08
,33,19.57
,23,0.67
,32,31.99
,30,27.56
,29,6.86
,26,1.87
,30,5.12
,28,1.38
,27,2.22
,29,9.92
,24,1.29
,31,13.72
,31,6.6
,33,18.55
,23,0.94
,28,2.74
,29,9.58
,30,18.36
,20,0.99
,32,82.39
,32,30.11
,25,0.92
,33,56.63
,35,66.9
,31,10.18
,30,21.44
,31,12.9
,32,14.33
,29,8.05
,29,2.53
,26,2.38
,32,4.28
,30,18.35
,26,2.23
,32,17.49
,25,0.67
,26,1.39
,31,9.63
,31,16.68
,29,5.86
,33,28.6
,25,2.45
,25,0.97
,30,6.32
,23,0.93
,24,0.94
,29,5.99
,28,2.16
,27,3.59
,25,1.1
,31,11.21
,32,24.49
,34,20.37
,33,33.67
,24,1.01
,26,1.61
,30,13.55
,26,2.23
,26,6.1
,25,1.69
,32,11.1
,30,5.79
,28,6.64
,29,4.1
,26,1.6
,26,2.35
,24,1.75
,32,24.5
,31,10.77
,29,4.68
,30,8.04
,25,2.34
,32,19.66
,29,6.52
,25,0.88
,27,2.65
,32,19.1
,22,0.99
,28,2.87
,25,1.1
,33,28.91
,29,5.8
,29,11.8
,27,1.41
,31,15.82
,35,80.18
,25,1.44
