instance,exact,approximate
70-1.0-3-0.34-0-0-82,13,15
70-2.2-3-0.0-0-0-13,34,35
70-1.0-3-0.14-0-0-62,15,16
70-4.0-3-0.13-0-0-30,43,45
70-3.4-3-0.21-0-0-20,38,39
70-2.2-3-0.0-0-0-40,34,36
70-3.4-3-0.21-0-0-70,39,42
70-2.5-3-0.31-0-0-50,33,36
70-2.2-3-0.05-0-0-20,33,36
70-1.3-3-0.03-0-0-61,22,24
70-3.1-3-0.15-0-0-30,39,41
70-4.0-3-0.12-0-0-51,44,47
70-1.6-3-0.3-0-0-100,24,25
70-1.3-3-0.45-0-0-30,15,17
70-1.0-3-0.33-0-0-53,12,13
70-1.6-3-0.03-0-0-70,26,27
70-4.0-3-0.42-0-0-131,40,44
70-2.2-3-0.4-0-0-70,28,30
70-2.5-3-0.21-0-0-11,31,33
70-2.8-3-0.1-0-0-100,36,38
70-1.6-3-0.03-0-0-10,28,30
70-1.3-3-0.33-0-0-81,17,18
70-2.2-3-0.04-0-0-10,33,35
70-1.0-3-0.14-0-0-91,16,16
70-1.6-3-0.01-0-0-21,25,26
70-1.0-3-0.14-0-0-72,16,16
70-3.1-3-0.01-0-0-41,43,44
70-4.0-3-0.14-0-0-30,44,47
70-4.0-3-0.43-0-0-40,40,41
70-2.5-3-0.33-0-0-30,33,37
70-1.0-3-0.2-0-0-11,14,14
70-1.6-3-0.42-0-0-10,21,22
70-1.0-3-0.42-0-0-80,12,13
70-1.0-3-0.5-0-0-62,10,11
70-3.1-3-0.43-0-0-20,34,38
70-1.3-3-0.32-0-0-82,16,18
70-1.3-3-0.05-0-0-21,20,20
70-1.0-3-0.42-0-0-33,12,13
70-1.6-3-0.01-0-0-90,28,31
70-1.0-3-0.28-0-0-30,14,14
70-4.0-3-0.41-0-0-111,40,42
70-3.1-3-0.12-0-0-41,39,41
70-1.6-3-0.2-0-0-70,24,26
70-1.0-3-0.37-0-0-80,11,13
70-1.0-3-0.48-0-0-20,10,12
70-2.5-3-0.12-0-0-20,33,34
70-4.0-3-0.13-0-0-110,44,46
70-2.2-3-0.4-0-0-1,28,30
70-1.3-3-0.5-0-0-50,13,13
70-2.5-3-0.32-0-0-10,32,35
70-3.1-3-0.13-0-0-1,38,40
70-1.6-3-0.31-0-0-71,20,22
70-1.3-3-0.22-0-0-32,21,22
70-4.0-3-0.43-0-0-130,38,40
70-1.0-3-0.24-0-0-62,15,16
70-1.3-3-0.41-0-0-82,18,19
70-1.0-3-0.2-0-0-53,15,16
70-2.5-3-0.01-0-0-70,36,39
70-1.3-3-0.3-0-0-32,17,17
70-3.1-3-0.11-0-0-42,40,41
70-2.2-3-0.42-0-0-71,26,27
70-1.0-3-0.36-0-0-61,12,12
70-1.3-3-0.35-0-0-40,16,18
70-2.5-3-0.43-0-0-20,28,29
70-1.0-3-0.1-0-0-4,15,17
70-1.6-3-0.12-0-0-30,23,25
70-1.6-3-0.22-0-0-10,24,27
70-3.1-3-0.03-0-0-11,41,44
70-1.0-3-0.3-0-0-10,11,12
70-1.6-3-0.42-0-0-20,18,21
70-1.6-3-0.01-0-0-31,26,28
70-4.0-3-0.02-0-0-21,45,46
70-1.0-3-0.45-0-0-81,11,12
70-2.5-3-0.33-0-0-50,30,32
70-3.1-3-0.4-0-0-40,33,35
70-2.2-3-0.16-0-0-40,32,34
70-1.0-3-0.31-0-0-74,16,17
70-3.1-3-0.45-0-0-30,32,33
70-1.0-3-0.26-0-0-2,16,17
70-1.0-3-0.32-0-0-31,13,14
70-1.0-3-0.4-0-0-91,12,12
70-1.6-3-0.0-0-0-12,25,28
70-1.3-3-0.25-0-0-70,17,18
70-1.3-3-0.05-0-0-11,22,23
70-1.0-3-0.14-0-0-63,16,17
70-3.1-3-0.24-0-0-30,36,38
70-3.1-3-0.42-0-0-80,33,35
70-1.3-3-0.01-0-0-43,22,22
70-3.4-3-0.22-0-0-40,36,38
70-1.0-3-0.41-0-0-41,13,13
70-2.2-3-0.34-0-0-80,27,27
70-1.0-3-0.47-0-0-31,8,8
70-1.3-3-0.11-0-0-91,18,19
70-2.2-3-0.02-0-0-52,32,35
70-4.0-3-0.23-0-0-60,42,43
70-1.0-3-0.1-0-0-64,15,16
70-3.1-3-0.03-0-0-31,41,44
70-3.4-3-0.31-0-0-10,37,41
70-1.0-3-0.5-0-0-72,11,11
70-1.6-3-0.02-0-0-60,27,30
70-1.0-3-0.36-0-0-2,14,14
70-1.0-3-0.14-0-0-3,16,16
70-1.3-3-0.33-0-0-90,19,21
70-1.3-3-0.23-0-0-52,21,22
70-4.0-3-0.33-0-0-10,41,43
70-1.0-3-0.04-0-0-63,16,17
70-1.3-3-0.01-0-0-10,22,23
70-1.3-3-0.3-0-0-90,19,20
70-3.4-3-0.0-0-0-10,43,45
70-1.3-3-0.03-0-0-41,23,24
70-1.3-3-0.5-0-0-30,13,14
70-3.1-3-0.12-0-0-81,41,43
70-2.2-3-0.26-0-0-40,30,32
70-2.5-3-0.41-0-0-70,30,33
70-1.0-3-0.32-0-0-54,14,15
70-1.3-3-0.45-0-0-20,13,14
70-2.5-3-0.41-0-0-10,31,32
70-3.4-3-0.41-0-0-50,34,36
70-1.3-3-0.04-0-0-61,23,25
70-1.0-3-0.08-0-0-60,18,19
70-3.1-3-0.2-0-0-1,37,38
70-1.3-3-0.0-0-0-83,22,23
70-1.0-3-0.3-0-0-20,12,13
70-2.5-3-0.32-0-0-40,31,34
70-1.3-3-0.16-0-0-10,20,21
70-2.2-3-0.04-0-0-30,33,34
70-1.6-3-0.1-0-0-90,25,28
70-2.5-3-0.01-0-0-30,38,40
70-4.0-3-0.02-0-0-61,45,48
70-1.0-3-0.28-0-0-70,13,14
70-1.3-3-0.43-0-0-52,18,19
70-3.1-3-0.24-0-0-10,38,42
70-3.1-3-0.5-0-0-50,29,30
70-1.6-3-0.41-0-0-21,21,22
70-2.2-3-0.36-0-0-66,28,31
70-1.0-3-0.31-0-0-54,11,11
70-3.4-3-0.42-0-0-50,35,37
70-2.2-3-0.24-0-0-100,30,31
70-1.6-3-0.14-0-0-10,26,28
70-1.3-3-0.04-0-0-41,22,23
70-1.3-3-0.21-0-0-72,19,20
70-1.0-3-0.04-0-0-53,15,15
70-3.1-3-0.42-0-0-11,37,38
70-4.0-3-0.42-0-0-110,40,40
70-1.6-3-0.4-0-0-11,21,23
70-1.0-3-0.21-0-0-24,14,15
70-2.2-3-0.24-0-0-40,31,32
70-1.0-3-0.36-0-0-21,13,13
70-1.3-3-0.5-0-0-11,14,15
70-4.0-3-0.42-0-0-80,40,43
70-1.0-3-0.43-0-0-33,11,12
70-3.1-3-0.21-0-0-52,37,39
70-2.5-3-0.11-0-0-51,36,38
70-2.2-3-0.5-0-0-50,26,29
70-1.3-3-0.45-0-0-100,18,18
70-1.6-3-0.4-0-0-20,21,23
70-2.2-3-0.45-0-0-60,26,29
70-1.0-3-0.1-0-0-44,16,18
70-4.0-3-0.11-0-0-51,44,48
70-4.3-3-0.4-0-0-275,39,41
70-1.0-3-0.17-0-0-80,15,15
70-1.0-3-0.04-0-0-3,17,18
70-3.4-3-0.22-0-0-10,37,41
70-1.0-3-0.22-0-0-14,17,18
70-3.4-3-0.21-0-0-100,39,42
70-1.6-3-0.0-0-0-22,28,29
70-1.0-3-0.07-0-0-51,17,17
70-1.0-3-0.06-0-0-32,17,18
70-1.0-3-0.13-0-0-13,17,18
70-1.0-3-0.06-0-0-61,16,17
70-1.0-3-0.35-0-0-72,11,11
70-2.5-3-0.02-0-0-20,38,40
70-1.0-3-0.48-0-0-50,14,14
70-1.6-3-0.4-0-0-100,21,23
70-4.0-3-0.2-0-0-61,43,44
70-1.0-3-0.23-0-0-73,13,14
70-1.3-3-0.05-0-0-41,23,24
70-1.0-3-0.32-0-0-51,12,13
70-2.2-3-0.4-0-0-100,27,28
70-2.2-3-0.05-0-0-10,32,33
70-2.2-3-0.43-0-0-41,26,28
70-1.0-3-0.42-0-0-14,11,11
70-1.0-3-0.41-0-0-21,11,12
70-1.3-3-0.5-0-0-10,17,17
70-3.1-3-0.21-0-0-41,39,40
70-1.0-3-0.17-0-0-11,16,17
70-3.4-3-0.01-0-0-30,43,45
70-1.3-3-0.15-0-0-51,20,20
70-1.3-3-0.21-0-0-23,19,20
70-1.0-3-0.32-0-0-64,12,13
70-4.0-3-0.22-0-0-30,42,42
70-1.6-3-0.13-0-0-40,25,27
70-2.5-3-0.12-0-0-50,34,35
70-2.8-3-0.42-0-0-86,33,36
70-1.3-3-0.33-0-0-41,18,19
70-3.1-3-0.34-0-0-100,36,38
70-1.3-3-0.4-0-0-51,16,17
70-1.6-3-0.22-0-0-80,20,22
70-1.3-3-0.35-0-0-60,17,18
70-2.2-3-0.42-0-0-52,26,28
70-1.0-3-0.32-0-0-83,12,13
70-4.0-3-0.41-0-0-80,39,41
70-3.1-3-0.1-0-0-90,39,42
70-3.4-3-0.02-0-0-20,40,42
70-4.0-3-0.21-0-0-1,42,45
70-2.2-3-0.44-0-0-60,28,31
70-1.3-3-0.4-0-0-31,14,15
70-1.0-3-0.06-0-0-90,17,18
70-3.1-3-0.04-0-0-40,40,42
70-3.4-3-0.11-0-0-70,40,42
70-2.2-3-0.41-0-0-62,27,28
70-1.0-3-0.3-0-0-92,13,13
70-1.3-3-0.21-0-0-40,20,21
70-1.6-3-0.13-0-0-60,25,27
70-1.3-3-0.16-0-0-40,21,23
70-1.0-3-0.01-0-0-84,15,16
70-4.0-3-0.0-0-0-41,46,48
70-3.1-3-0.34-0-0-30,37,39
70-3.4-3-0.42-0-0-30,37,39
70-4.0-3-0.12-0-0-21,45,46
70-1.3-3-0.31-0-0-32,18,20
70-1.3-3-0.12-0-0-42,21,23
70-1.6-3-0.2-0-0-41,25,27
70-3.1-3-0.5-0-0-30,32,32
70-1.6-3-0.23-0-0-40,24,28
70-1.0-3-0.05-0-0-81,17,19
70-2.2-3-0.21-0-0-82,30,31
70-3.1-3-0.33-0-0-60,36,37
70-1.6-3-0.13-0-0-70,25,26
70-2.2-3-0.16-0-0-100,33,34
70-3.1-3-0.1-0-0-51,41,43
70-1.3-3-0.0-0-0-80,22,25
70-4.0-3-0.02-0-0-70,44,45
70-1.0-3-0.17-0-0-21,15,17
70-4.3-3-0.0-0-0-130,46,49
70-1.3-3-0.01-0-0-42,22,23
70-2.5-3-0.1-0-0-30,35,37
70-1.0-3-0.06-0-0-21,17,17
70-1.6-3-0.3-0-0-60,22,23
70-3.1-3-0.02-0-0-61,38,40
70-3.1-3-0.41-0-0-11,35,38
70-1.6-3-0.21-0-0-51,23,24
70-1.0-3-0.34-0-0-23,16,16
70-4.3-3-0.21-0-0-30,42,43
70-4.0-3-0.14-0-0-60,45,46
70-4.0-3-0.2-0-0-50,44,46
70-1.0-3-0.4-0-0-33,14,14
70-3.1-3-0.3-0-0-41,37,40
70-1.6-3-0.41-0-0-51,21,22
70-1.0-3-0.13-0-0-82,15,17
70-2.2-3-0.12-0-0-2,32,35
70-2.2-3-0.06-0-0-30,33,34
70-1.0-3-0.16-0-0-51,16,18
70-3.1-3-0.11-0-0-12,38,41
70-4.0-3-0.11-0-0-61,43,46
70-4.0-3-0.32-0-0-111,42,44
70-3.1-3-0.0-0-0-72,41,42
70-1.6-3-0.33-0-0-10,22,22
70-4.0-3-0.33-0-0-100,40,43
70-2.2-3-0.33-0-0-61,27,29
70-3.1-3-0.42-0-0-71,32,35
70-2.5-3-0.41-0-0-50,30,33
70-1.3-3-0.46-0-0-20,16,17
70-1.0-3-0.4-0-0-13,11,13
70-1.0-3-0.14-0-0-22,15,15
70-1.3-3-0.0-0-0-33,21,22
70-2.5-3-0.0-0-0-1,37,38
70-1.0-3-0.22-0-0-44,14,15
70-1.3-3-0.41-0-0-42,17,19
70-3.1-3-0.23-0-0-60,37,40
70-1.0-3-0.41-0-0-4,12,12
70-1.3-3-0.24-0-0-41,21,21
70-1.3-3-0.05-0-0-50,23,24
70-3.1-3-0.15-0-0-50,38,39
70-1.6-3-0.1-0-0-1,25,26
70-3.1-3-0.43-0-0-41,34,37
70-2.2-3-0.32-0-0-12,28,32
70-2.2-3-0.34-0-0-60,29,29
70-1.6-3-0.32-0-0-70,22,24
70-3.1-3-0.13-0-0-70,39,42
70-1.3-3-0.45-0-0-10,13,15
70-4.0-3-0.2-0-0-60,42,44
70-2.5-3-0.23-0-0-50,34,36
70-2.5-3-0.3-0-0-20,34,35
70-1.0-3-0.2-0-0-51,15,16
70-2.5-3-0.21-0-0-20,34,37
70-1.0-3-0.3-0-0-13,13,13
70-3.4-3-0.0-0-0-100,42,43
70-3.1-3-0.41-0-0-90,34,36
70-4.3-3-0.41-0-0-230,41,43
70-1.3-3-0.25-0-0-80,17,18
70-1.3-3-0.33-0-0-52,18,20
70-1.0-3-0.08-0-0-10,16,17
70-2.2-3-0.24-0-0-20,29,30
70-4.0-3-0.34-0-0-20,39,41
70-1.0-3-0.17-0-0-1,16,16
70-4.0-3-0.0-0-0-32,45,48
70-4.0-3-0.0-0-0-62,44,46
70-4.0-3-0.43-0-0-30,40,42
70-3.1-3-0.41-0-0-52,33,35
70-2.2-3-0.24-0-0-61,30,31
70-4.0-3-0.22-0-0-70,42,45
70-4.0-3-0.32-0-0-40,41,42
70-3.1-3-0.12-0-0-51,38,39
70-1.0-3-0.34-0-0-62,13,15
70-1.3-3-0.44-0-0-80,15,15
70-1.3-3-0.15-0-0-60,23,25
70-1.0-3-0.5-0-0-42,11,11
70-1.6-3-0.2-0-0-50,25,27
70-1.0-3-0.41-0-0-64,10,10
70-2.2-3-0.36-0-0-10,30,33
70-1.3-3-0.25-0-0-1,20,20
70-2.2-3-0.44-0-0-40,25,28
70-1.3-3-0.43-0-0-61,18,19
70-1.3-3-0.46-0-0-100,14,15
70-1.3-3-0.45-0-0-1,16,18
70-2.2-3-0.25-0-0-30,31,34
70-2.2-3-0.4-0-0-41,26,27
70-1.3-3-0.03-0-0-42,22,22
70-1.3-3-0.05-0-0-40,23,25
70-1.6-3-0.11-0-0-21,26,29
70-4.0-3-0.31-0-0-11,41,42
70-2.2-3-0.22-0-0-42,29,32
70-4.0-3-0.03-0-0-80,46,48
70-1.0-3-0.38-0-0-60,10,11
70-2.2-3-0.0-0-0-62,36,38
70-4.3-3-0.31-0-0-150,42,43
70-1.6-3-0.3-0-0-20,23,25
70-1.6-3-0.02-0-0-41,25,27
70-1.3-3-0.16-0-0-30,21,22
70-3.1-3-0.23-0-0-31,38,40
70-4.0-3-0.42-0-0-10,40,43
70-1.0-3-0.15-0-0-91,16,17
70-3.1-3-0.25-0-0-10,38,40
70-1.3-3-0.11-0-0-33,22,24
70-4.0-3-0.42-0-0-51,41,43
70-2.2-3-0.3-0-0-90,30,30
70-3.1-3-0.33-0-0-31,37,40
70-4.0-3-0.24-0-0-30,44,45
70-3.1-3-0.21-0-0-71,38,40
70-4.3-3-0.0-0-0-50,46,49
70-1.6-3-0.21-0-0-21,27,30
70-3.1-3-0.44-0-0-10,33,36
70-4.0-3-0.34-0-0-120,39,41
70-3.1-3-0.31-0-0-71,36,39
70-1.3-3-0.22-0-0-22,19,21
70-3.1-3-0.33-0-0-21,37,39
70-4.3-3-0.0-0-0-119,48,50
70-1.0-3-0.48-0-0-10,8,8
70-1.0-3-0.11-0-0-64,15,15
70-1.0-3-0.46-0-0-41,11,12
70-4.0-3-0.2-0-0-30,43,44
70-1.0-3-0.14-0-0-42,14,15
70-4.0-3-0.42-0-0-41,39,39
70-1.3-3-0.44-0-0-41,18,21
70-2.2-3-0.34-0-0-41,28,29
70-1.0-3-0.05-0-0-12,18,19
70-1.6-3-0.1-0-0-51,27,28
70-4.0-3-0.04-0-0-30,45,46
70-1.0-3-0.4-0-0-53,13,14
70-1.0-3-0.05-0-0-52,15,15
70-1.0-3-0.12-0-0-92,16,16
70-2.5-3-0.3-0-0-100,33,35
70-4.0-3-0.12-0-0-31,44,46
70-4.0-3-0.32-0-0-30,39,40
70-1.0-3-0.22-0-0-63,13,14
70-2.2-3-0.22-0-0-41,31,33
70-3.1-3-0.41-0-0-1,35,36
70-3.4-3-0.11-0-0-40,42,44
70-2.5-3-0.11-0-0-100,35,37
70-1.3-3-0.5-0-0-100,15,16
70-1.0-3-0.3-0-0-100,14,15
70-4.3-3-0.11-0-0-100,45,47
70-1.6-3-0.43-0-0-30,19,21
70-4.0-3-0.22-0-0-110,44,45
70-1.3-3-0.13-0-0-90,21,22
70-1.0-3-0.24-0-0-40,13,14
70-2.5-3-0.21-0-0-31,34,35
70-2.2-3-0.21-0-0-52,32,34
70-4.0-3-0.32-0-0-121,41,43
70-4.0-3-0.22-0-0-60,42,45
70-3.7-3-0.49-0-0-54,35,35
70-1.6-3-0.03-0-0-50,27,30
70-4.3-3-0.21-0-0-100,44,46
70-1.3-3-0.24-0-0-31,20,22
70-1.0-3-0.04-0-0-33,16,17
70-1.0-3-0.42-0-0-44,12,12
70-1.0-3-0.12-0-0-63,14,16
70-1.3-3-0.36-0-0-10,20,22
70-1.0-3-0.13-0-0-3,16,16
70-2.2-3-0.23-0-0-80,30,30
70-1.3-3-0.05-0-0-31,20,22
70-4.0-3-0.44-0-0-110,40,43
70-1.0-3-0.33-0-0-13,14,16
70-1.6-3-0.13-0-0-20,24,26
70-1.6-3-0.31-0-0-61,23,25
70-1.6-3-0.21-0-0-11,25,27
70-1.0-3-0.5-0-0-22,11,11
70-2.2-3-0.34-0-0-51,28,30
70-1.3-3-0.25-0-0-11,18,18
70-1.0-3-0.04-0-0-82,18,19
70-1.6-3-0.14-0-0-1,25,27
70-1.0-3-0.0-0-0-55,19,20
70-2.2-3-0.02-0-0-90,35,37
70-2.2-3-0.04-0-0-50,33,36
70-1.0-3-0.44-0-0-91,13,14
70-1.3-3-0.0-0-0-43,21,24
70-1.6-3-0.04-0-0-10,25,26
70-2.5-3-0.42-0-0-100,31,33
70-1.3-3-0.24-0-0-21,20,20
70-2.2-3-0.24-0-0-30,29,30
70-4.3-3-0.0-0-0-20,47,48
70-3.1-3-0.01-0-0-51,41,44
70-2.5-3-0.01-0-0-21,38,40
70-2.2-3-0.1-0-0-2,32,33
70-1.0-3-0.31-0-0-24,11,12
70-3.1-3-0.24-0-0-50,37,40
70-1.3-3-0.02-0-0-2,22,23
70-1.0-3-0.32-0-0-43,12,12
70-1.3-3-0.36-0-0-60,16,16
70-1.3-3-0.23-0-0-90,19,20
70-1.0-3-0.31-0-0-21,13,13
70-1.6-3-0.23-0-0-20,22,23
70-1.3-3-0.23-0-0-21,19,20
70-2.2-3-0.41-0-0-72,26,27
70-4.0-3-0.02-0-0-50,45,48
70-4.0-3-0.21-0-0-111,41,43
70-1.0-3-0.37-0-0-31,13,14
70-1.0-3-0.41-0-0-24,13,14
70-1.6-3-0.24-0-0-100,26,29
70-1.0-3-0.04-0-0-62,19,20
70-1.3-3-0.16-0-0-60,19,20
70-3.1-3-0.04-0-0-70,39,43
70-2.5-3-0.31-0-0-21,31,33
70-1.3-3-0.33-0-0-32,18,18
70-4.0-3-0.14-0-0-10,43,44
70-1.6-3-0.32-0-0-30,21,21
70-2.5-3-0.21-0-0-80,33,35
70-2.2-3-0.44-0-0-51,27,29
70-1.3-3-0.12-0-0-81,20,21
70-1.6-3-0.23-0-0-100,24,26
70-2.2-3-0.04-0-0-60,33,35
70-2.2-3-0.11-0-0-81,32,33
70-1.0-3-0.11-0-0-21,16,16
70-1.3-3-0.25-0-0-41,18,19
70-4.0-3-0.12-0-0-40,45,46
70-1.3-3-0.06-0-0-70,20,21
70-1.3-3-0.43-0-0-31,15,15
70-1.6-3-0.31-0-0-31,22,23
70-4.0-3-0.21-0-0-121,42,45
70-1.0-3-0.18-0-0-40,15,16
70-4.0-3-0.41-0-0-71,38,42
70-1.3-3-0.36-0-0-50,15,16
70-2.5-3-0.1-0-0-70,36,36
70-2.5-3-0.23-0-0-100,33,35
70-2.5-3-0.11-0-0-40,35,36
70-1.0-3-0.46-0-0-61,11,12
70-1.6-3-0.14-0-0-30,25,26
70-3.1-3-0.12-0-0-21,40,40
70-2.2-3-0.31-0-0-42,30,32
70-1.0-3-0.36-0-0-32,12,12
70-2.5-3-0.11-0-0-10,36,39
70-1.0-3-0.45-0-0-12,11,12
70-1.0-3-0.34-0-0-13,13,14
70-1.0-3-0.15-0-0-52,15,15
70-1.0-3-0.42-0-0-21,12,13
70-1.3-3-0.21-0-0-63,21,24
70-4.0-3-0.41-0-0-131,41,43
70-3.1-3-0.01-0-0-61,42,42
70-1.0-3-0.14-0-0-10,14,15
70-1.6-3-0.0-0-0-31,27,29
70-4.0-3-0.02-0-0-51,46,48
70-4.3-3-0.21-0-0-110,45,46
70-1.0-3-0.18-0-0-20,15,15
70-3.1-3-0.3-0-0-21,36,36
70-1.0-3-0.33-0-0-73,13,15
70-1.0-3-0.01-0-0-44,18,19
70-3.4-3-0.1-0-0-30,42,44
70-2.5-3-0.11-0-0-41,35,37
70-1.0-3-0.41-0-0-74,12,13
70-2.2-3-0.2-0-0-51,32,34
70-2.5-3-0.41-0-0-41,29,31
70-1.6-3-0.2-0-0-11,26,27
70-2.2-3-0.04-0-0-51,34,36
70-2.2-3-0.44-0-0-100,25,27
70-3.4-3-0.2-0-0-30,40,42
70-3.4-3-0.2-0-0-100,40,43
70-1.6-3-0.21-0-0-1,24,26
70-1.0-3-0.12-0-0-83,16,17
70-4.0-3-0.0-0-0-112,45,47
70-2.2-3-0.5-0-0-40,25,25
70-3.4-3-0.41-0-0-40,35,35
70-1.3-3-0.05-0-0-60,22,23
70-1.3-3-0.14-0-0-71,20,22
70-1.3-3-0.35-0-0-31,18,20
70-2.2-3-0.44-0-0-20,23,26
70-2.2-3-0.13-0-0-41,31,34
70-3.1-3-0.34-0-0-60,35,37
70-3.1-3-0.44-0-0-50,34,36
70-3.1-3-0.43-0-0-10,35,36
70-4.0-3-0.43-0-0-50,40,41
70-2.5-3-0.21-0-0-60,34,36
70-1.0-3-0.38-0-0-30,14,15
70-4.3-3-0.01-0-0-40,47,48
70-1.6-3-0.02-0-0-1,28,30
70-3.1-3-0.41-0-0-42,34,36
70-1.3-3-0.4-0-0-21,14,16
70-2.2-3-0.5-0-0-10,23,24
70-1.0-3-0.32-0-0-23,12,12
70-1.0-3-0.33-0-0-63,11,12
70-1.0-3-0.5-0-0-12,10,10
70-2.2-3-0.41-0-0-32,29,31
70-1.3-3-0.31-0-0-72,18,20
70-2.2-3-0.2-0-0-71,32,34
70-1.3-3-0.0-0-0-63,23,24
70-4.0-3-0.44-0-0-40,36,38
70-2.5-3-0.31-0-0-31,32,34
70-1.0-3-0.42-0-0-92,10,11
70-3.1-3-0.43-0-0-1,35,36
70-2.2-3-0.44-0-0-21,27,30
70-1.3-3-0.11-0-0-62,22,23
70-1.0-3-0.14-0-0-43,17,19
70-2.5-3-0.33-0-0-40,30,33
70-2.5-3-0.11-0-0-31,34,36
70-1.0-3-0.42-0-0-83,12,13
70-4.0-3-0.24-0-0-10,42,45
70-1.0-3-0.43-0-0-53,12,13
70-1.0-3-0.44-0-0-62,12,13
70-3.1-3-0.0-0-0-91,41,44
70-1.3-3-0.01-0-0-33,25,26
70-3.1-3-0.21-0-0-51,40,41
70-2.2-3-0.3-0-0-81,30,31
70-2.2-3-0.1-0-0-91,34,37
70-3.1-3-0.03-0-0-60,40,42
70-1.6-3-0.31-0-0-11,23,25
70-2.2-3-0.04-0-0-21,33,34
70-3.1-3-0.13-0-0-61,41,43
70-1.0-3-0.35-0-0-32,10,11
70-1.0-3-0.24-0-0-3,15,15
70-1.6-3-0.0-0-0-71,26,28
70-2.5-3-0.12-0-0-60,35,37
70-1.6-3-0.42-0-0-30,18,20
70-4.0-3-0.31-0-0-1,40,41
70-4.0-3-0.42-0-0-50,39,42
70-2.5-3-0.31-0-0-10,33,33
70-1.0-3-0.26-0-0-81,12,13
70-1.3-3-0.41-0-0-91,17,17
70-4.0-3-0.03-0-0-70,46,49
70-3.1-3-0.0-0-0-32,42,43
70-3.1-3-0.23-0-0-70,38,40
70-1.3-3-0.25-0-0-31,18,18
70-1.3-3-0.36-0-0-100,20,21
70-1.0-3-0.38-0-0-40,12,13
70-2.2-3-0.34-0-0-1,29,31
70-1.3-3-0.06-0-0-30,21,22
70-1.3-3-0.22-0-0-72,19,21
70-1.6-3-0.01-0-0-11,28,29
70-1.0-3-0.24-0-0-53,15,15
70-2.5-3-0.41-0-0-31,30,32
70-2.2-3-0.21-0-0-91,31,32
70-1.6-3-0.01-0-0-1,26,28
70-3.4-3-0.02-0-0-100,41,41
70-2.2-3-0.34-0-0-70,28,32
70-4.0-3-0.12-0-0-110,43,43
70-1.3-3-0.44-0-0-31,17,18
70-2.8-3-0.16-0-0-15,36,37
70-1.0-3-0.47-0-0-1,12,13
70-2.2-3-0.45-0-0-20,24,28
70-1.3-3-0.31-0-0-33,19,20
70-1.3-3-0.13-0-0-61,20,20
70-2.5-3-0.1-0-0-20,37,41
70-4.3-3-0.11-0-0-40,45,47
70-1.6-3-0.22-0-0-70,23,24
70-1.6-3-0.41-0-0-1,21,22
70-3.1-3-0.31-0-0-31,38,41
70-2.2-3-0.3-0-0-80,29,31
70-1.0-3-0.22-0-0-53,15,16
70-1.0-3-0.26-0-0-32,14,15
70-2.2-3-0.5-0-0-100,26,28
70-2.2-3-0.32-0-0-41,30,32
70-4.0-3-0.1-0-0-80,44,46
70-2.2-3-0.1-0-0-42,33,35
70-1.6-3-0.12-0-0-40,26,27
70-1.0-3-0.44-0-0-12,11,13
70-3.1-3-0.21-0-0-22,39,40
70-1.0-3-0.35-0-0-52,12,12
70-3.1-3-0.23-0-0-61,37,40
70-3.4-3-0.0-0-0-51,43,44
70-1.0-3-0.26-0-0-1,14,15
70-1.0-3-0.17-0-0-31,15,16
70-1.0-3-0.2-0-0-73,15,15
70-1.6-3-0.41-0-0-71,20,21
70-1.3-3-0.05-0-0-10,20,22
70-2.5-3-0.01-0-0-10,38,39
70-3.1-3-0.12-0-0-11,39,41
70-2.5-3-0.32-0-0-30,32,34
70-2.2-3-0.22-0-0-71,32,33
70-1.3-3-0.15-0-0-70,19,20
70-3.1-3-0.11-0-0-2,38,39
70-1.3-3-0.4-0-0-11,17,17
70-4.0-3-0.14-0-0-50,45,47
70-3.1-3-0.03-0-0-41,41,42
70-1.3-3-0.35-0-0-20,20,21
70-1.3-3-0.15-0-0-41,21,22
70-1.0-3-0.42-0-0-53,9,10
70-3.1-3-0.24-0-0-20,37,39
70-3.1-3-0.11-0-0-61,39,41
70-3.1-3-0.33-0-0-70,36,39
70-2.2-3-0.43-0-0-11,27,29
70-1.0-3-0.32-0-0-24,12,13
70-2.5-3-0.41-0-0-100,30,33
70-2.5-3-0.43-0-0-10,30,33
70-3.1-3-0.0-0-0-12,41,44
70-2.2-3-0.22-0-0-62,31,32
70-1.0-3-0.17-0-0-41,15,18
70-2.2-3-0.14-0-0-50,32,34
70-3.4-3-0.11-0-0-20,41,42
70-1.3-3-0.41-0-0-3,16,16
70-4.0-3-0.22-0-0-10,43,45
70-4.0-3-0.3-0-0-80,41,43
70-1.6-3-0.33-0-0-20,21,22
70-3.4-3-0.31-0-0-60,38,40
70-4.0-3-0.2-0-0-40,42,44
70-1.3-3-0.01-0-0-91,23,24
70-1.3-3-0.26-0-0-10,16,17
70-2.2-3-0.03-0-0-1,35,37
70-1.3-3-0.15-0-0-10,20,23
70-1.0-3-0.21-0-0-1,13,13
70-2.2-3-0.0-0-0-23,34,37
70-1.0-3-0.28-0-0-100,12,12
70-2.2-3-0.12-0-0-61,34,38
70-1.3-3-0.13-0-0-32,23,25
70-1.6-3-0.24-0-0-10,21,23
70-1.3-3-0.24-0-0-71,22,23
70-1.0-3-0.45-0-0-91,13,13
70-2.2-3-0.11-0-0-42,32,34
70-4.3-3-0.31-0-0-110,42,45
70-3.1-3-0.33-0-0-100,34,35
70-1.6-3-0.13-0-0-50,27,29
70-1.6-3-0.41-0-0-31,20,21
70-2.2-3-0.14-0-0-60,33,34
70-1.6-3-0.41-0-0-90,22,23
70-1.0-3-0.21-0-0-83,13,14
70-1.0-3-0.38-0-0-100,15,16
70-1.0-3-0.0-0-0-35,16,17
70-4.0-3-0.23-0-0-50,42,45
70-4.0-3-0.0-0-0-31,47,48
70-3.1-3-0.03-0-0-30,40,41
70-3.1-3-0.3-0-0-50,38,39
70-1.6-3-0.22-0-0-60,24,26
70-1.0-3-0.23-0-0-33,11,11
70-1.0-3-0.33-0-0-92,14,15
70-4.0-3-0.2-0-0-101,43,46
70-1.3-3-0.32-0-0-12,17,17
70-2.2-3-0.03-0-0-21,33,37
70-2.5-3-0.22-0-0-10,34,36
70-2.2-3-0.15-0-0-10,32,33
70-2.5-3-0.32-0-0-50,32,35
70-2.5-3-0.22-0-0-30,34,38
70-1.3-3-0.35-0-0-70,18,19
70-1.0-3-0.43-0-0-82,9,9
70-2.2-3-0.25-0-0-70,30,32
70-1.0-3-0.44-0-0-82,11,11
70-1.0-3-0.38-0-0-50,11,11
70-3.1-3-0.35-0-0-10,35,38
70-1.3-3-0.34-0-0-1,18,19
70-4.0-3-0.12-0-0-11,46,47
70-3.4-3-0.0-0-0-31,43,44
70-1.0-3-0.42-0-0-13,11,11
70-1.0-3-0.02-0-0-44,19,19
70-1.0-3-0.05-0-0-2,18,19
70-1.6-3-0.31-0-0-90,21,23
70-1.3-3-0.04-0-0-51,20,21
70-1.3-3-0.25-0-0-50,19,20
70-2.5-3-0.03-0-0-50,36,38
70-1.3-3-0.05-0-0-30,23,24
70-1.3-3-0.15-0-0-100,21,22
70-1.3-3-0.33-0-0-1,20,21
70-1.3-3-0.21-0-0-33,21,22
70-2.2-3-0.4-0-0-50,27,28
70-4.0-3-0.11-0-0-11,44,44
70-1.6-3-0.22-0-0-30,24,25
70-1.0-3-0.34-0-0-72,12,14
70-1.6-3-0.19-0-0-94,24,27
70-1.0-3-0.12-0-0-24,14,14
70-1.0-3-0.44-0-0-2,11,12
70-1.0-3-0.04-0-0-72,16,17
70-1.6-3-0.02-0-0-31,29,30
70-1.3-3-0.02-0-0-52,23,24
70-2.2-3-0.13-0-0-1,31,34
70-1.3-3-0.22-0-0-42,21,23
70-2.2-3-0.26-0-0-30,31,33
70-1.3-3-0.02-0-0-42,23,24
70-1.3-3-0.23-0-0-61,19,19
70-2.5-3-0.42-0-0-60,29,31
70-4.0-3-0.02-0-0-40,45,46
70-3.1-3-0.14-0-0-10,38,40
70-1.3-3-0.05-0-0-1,23,26
70-1.3-3-0.35-0-0-21,18,20
70-2.2-3-0.44-0-0-70,25,25
70-1.3-3-0.31-0-0-22,19,20
70-1.0-3-0.03-0-0-63,17,17
70-3.1-3-0.24-0-0-100,37,38
70-3.1-3-0.31-0-0-52,35,37
70-3.1-3-0.42-0-0-90,36,38
70-1.6-3-0.1-0-0-41,23,25
70-2.5-3-0.31-0-0-40,32,35
70-1.0-3-0.06-0-0-31,17,18
70-4.3-3-0.31-0-0-30,43,46
70-2.2-3-0.42-0-0-51,25,27
70-2.2-3-0.26-0-0-100,30,33
70-2.2-3-0.32-0-0-32,29,31
70-1.3-3-0.11-0-0-23,21,23
70-3.4-3-0.41-0-0-30,36,38
70-1.0-3-0.46-0-0-21,10,12
70-3.1-3-0.32-0-0-80,37,39
70-3.1-3-0.04-0-0-50,40,41
70-2.2-3-0.01-0-0-72,35,38
70-1.0-3-0.41-0-0-93,12,13
70-1.0-3-0.16-0-0-32,15,15
70-1.0-3-0.37-0-0-70,11,12
70-1.3-3-0.41-0-0-62,16,17
70-1.0-3-0.23-0-0-40,14,14
70-1.6-3-0.04-0-0-40,27,28
70-1.0-3-0.18-0-0-10,15,15
70-3.1-3-0.41-0-0-12,32,34
70-2.2-3-0.42-0-0-90,28,28
70-1.6-3-0.32-0-0-20,24,25
70-2.2-3-0.11-0-0-82,33,35
70-3.4-3-0.12-0-0-60,40,41
70-1.3-3-0.05-0-0-70,22,23
70-1.6-3-0.11-0-0-61,26,29
70-1.0-3-0.08-0-0-70,13,14
70-1.3-3-0.32-0-0-2,19,20
70-2.2-3-0.32-0-0-61,28,31
70-4.0-3-0.04-0-0-50,45,47
70-1.6-3-0.11-0-0-31,28,29
70-1.6-3-0.11-0-0-1,28,29
70-2.2-3-0.45-0-0-10,27,30
70-2.2-3-0.32-0-0-81,29,31
70-1.3-3-0.34-0-0-71,15,16
70-1.3-3-0.46-0-0-50,13,14
70-4.3-3-0.0-0-0-160,47,50
70-2.2-3-0.2-0-0-12,28,31
70-1.0-3-0.22-0-0-4,15,16
70-1.0-3-0.41-0-0-83,10,10
70-1.3-3-0.41-0-0-22,17,18
70-1.6-3-0.01-0-0-80,27,30
70-1.0-3-0.3-0-0-82,11,13
70-1.3-3-0.41-0-0-2,15,15
70-2.2-3-0.25-0-0-50,30,32
70-3.1-3-0.31-0-0-12,37,38
70-2.2-3-0.4-0-0-21,29,31
70-4.0-3-0.24-0-0-110,42,43
70-2.2-3-0.04-0-0-100,31,32
70-2.2-3-0.02-0-0-61,32,34
70-3.4-3-0.12-0-0-20,39,42
70-1.6-3-0.33-0-0-50,24,25
70-1.6-3-0.12-0-0-46,25,26
70-3.1-3-0.44-0-0-100,33,35
70-2.2-3-0.44-0-0-50,25,26
70-2.5-3-0.1-0-0-11,35,37
70-3.1-3-0.02-0-0-41,40,41
70-2.5-3-0.0-0-0-31,37,39
70-1.6-3-0.0-0-0-81,26,27
70-1.6-3-0.23-0-0-70,25,27
70-3.4-3-0.01-0-0-50,44,47
70-2.2-3-0.24-0-0-50,29,33
70-2.2-3-0.33-0-0-90,29,31
70-1.3-3-0.3-0-0-52,18,19
70-4.0-3-0.2-0-0-41,43,45
70-1.3-3-0.45-0-0-51,15,16
70-1.6-3-0.22-0-0-1,22,25
70-1.0-3-0.3-0-0-53,14,15
70-1.3-3-0.12-0-0-22,21,21
70-1.0-3-0.33-0-0-33,11,11
70-1.3-3-0.4-0-0-90,15,16
70-1.3-3-0.2-0-0-32,19,20
70-2.2-3-0.33-0-0-1,29,31
70-1.0-3-0.27-0-0-70,13,15
70-4.0-3-0.03-0-0-30,43,44
70-2.5-3-0.22-0-0-40,33,35
70-1.0-3-0.42-0-0-54,13,14
70-1.0-3-0.16-0-0-21,16,16
70-1.0-3-0.13-0-0-73,13,13
70-1.0-3-0.16-0-0-90,12,13
70-2.5-3-0.13-0-0-10,34,36
70-1.0-3-0.0-0-0-25,14,15
70-3.1-3-0.31-0-0-51,35,36
70-1.6-3-0.41-0-0-11,21,24
70-2.5-3-0.42-0-0-30,30,33
70-4.0-3-0.42-0-0-120,39,41
70-1.0-3-0.27-0-0-11,14,15
70-3.4-3-0.0-0-0-20,41,44
70-1.6-3-0.12-0-0-70,25,27
70-2.5-3-0.03-0-0-10,36,39
70-2.2-3-0.14-0-0-70,32,34
70-2.2-3-0.05-0-0-100,33,36
70-1.3-3-0.43-0-0-12,17,18
70-1.6-3-0.35-0-0-97,21,23
70-1.0-3-0.07-0-0-1,16,17
70-1.0-3-0.0-0-0-54,17,18
70-1.6-3-0.32-0-0-10,22,22
70-1.6-3-0.1-0-0-71,27,28
70-1.6-3-0.0-0-0-61,29,30
70-1.0-3-0.3-0-0-73,12,12
70-1.3-3-0.03-0-0-52,23,24
70-2.5-3-0.21-0-0-30,33,36
70-2.2-3-0.4-0-0-11,27,28
70-3.1-3-0.25-0-0-30,36,39
70-1.3-3-0.3-0-0-51,18,20
70-1.0-3-0.36-0-0-22,14,15
70-1.3-3-0.22-0-0-62,20,21
70-1.0-3-0.06-0-0-81,16,17
70-3.1-3-0.43-0-0-61,35,38
70-4.3-3-0.31-0-0-220,43,44
70-1.3-3-0.16-0-0-100,21,22
70-1.0-3-0.37-0-0-11,13,13
70-2.2-3-0.13-0-0-51,30,33
70-4.3-3-0.1-0-0-20,46,48
70-2.2-3-0.23-0-0-71,28,30
70-2.5-3-0.11-0-0-11,35,37
70-1.0-3-0.25-0-0-91,13,13
70-1.3-3-0.15-0-0-20,20,21
70-3.1-3-0.1-0-0-12,40,41
70-3.1-3-0.22-0-0-81,38,40
70-1.0-3-0.42-0-0-4,12,13
70-2.2-3-0.02-0-0-2,34,35
70-1.6-3-0.23-0-0-10,22,24
70-2.5-3-0.42-0-0-40,31,32
70-1.0-3-0.0-0-0-84,17,17
70-4.0-3-0.41-0-0-101,41,44
70-4.3-3-0.17-0-0-177,43,45
70-2.5-3-0.32-0-0-70,32,34
70-4.0-3-0.0-0-0-61,43,45
70-4.0-3-0.03-0-0-50,45,49
70-1.3-3-0.43-0-0-11,16,17
70-1.0-3-0.06-0-0-22,17,18
70-1.3-3-0.0-0-0-40,21,23
70-4.0-3-0.2-0-0-51,43,46
70-3.1-3-0.03-0-0-50,40,41
70-2.2-3-0.33-0-0-31,29,31
70-2.5-3-0.01-0-0-40,37,39
70-2.2-3-0.11-0-0-52,33,33
70-1.0-3-0.31-0-0-93,12,12
70-1.0-3-0.33-0-0-23,13,13
70-1.0-3-0.46-0-0-90,11,11
70-3.1-3-0.05-0-0-30,42,44
70-2.5-3-0.0-0-0-51,39,42
70-3.1-3-0.1-0-0-52,39,40
70-4.3-3-0.31-0-0-120,42,43
70-4.0-3-0.21-0-0-31,43,45
70-2.2-3-0.14-0-0-40,32,34
70-3.1-3-0.41-0-0-31,34,36
70-1.0-3-0.02-0-0-34,16,17
70-2.5-3-0.11-0-0-30,35,36
70-1.0-3-0.44-0-0-43,11,12
70-3.4-3-0.1-0-0-20,42,43
70-1.3-3-0.3-0-0-62,19,21
70-1.6-3-0.22-0-0-11,23,26
70-4.3-3-0.11-0-0-110,46,48
70-2.2-3-0.22-0-0-52,32,34
70-2.2-3-0.42-0-0-21,27,28
70-2.5-3-0.22-0-0-100,33,35
70-2.2-3-0.05-0-0-50,36,38
70-2.2-3-0.31-0-0-12,30,34
70-1.0-3-0.07-0-0-31,17,19
70-1.0-3-0.12-0-0-73,16,17
70-1.0-3-0.47-0-0-41,12,12
70-1.3-3-0.25-0-0-60,17,18
70-1.6-3-0.21-0-0-41,22,23
70-1.0-3-0.15-0-0-32,13,15
70-1.0-3-0.02-0-0-63,17,19
70-2.5-3-0.31-0-0-100,33,34
70-1.3-3-0.11-0-0-63,20,22
70-3.4-3-0.0-0-0-50,41,44
70-1.0-3-0.28-0-0-50,12,12
70-4.0-3-0.31-0-0-51,40,41
70-1.6-3-0.24-0-0-30,24,24
70-1.0-3-0.45-0-0-32,13,13
70-3.1-3-0.24-0-0-70,37,40
70-1.0-3-0.16-0-0-81,15,16
70-1.3-3-0.15-0-0-50,19,20
70-1.0-3-0.46-0-0-12,9,9
70-1.6-3-0.22-0-0-21,23,25
70-2.5-3-0.43-0-0-30,30,33
70-1.6-3-0.33-0-0-40,22,23
70-1.0-3-0.2-0-0-83,15,16
70-2.2-3-0.04-0-0-89,34,36
70-2.2-3-0.21-0-0-12,30,34
70-1.6-3-0.13-0-0-100,26,27
70-1.3-3-0.14-0-0-51,22,22
70-3.1-3-0.43-0-0-80,34,35
70-1.0-3-0.34-0-0-43,11,11
70-2.2-3-0.01-0-0-32,33,36
70-3.1-3-0.42-0-0-21,35,38
70-2.5-3-0.31-0-0-80,31,33
70-4.0-3-0.31-0-0-71,41,43
70-3.1-3-0.34-0-0-70,34,36
70-3.1-3-0.45-0-0-50,33,35
70-1.0-3-0.48-0-0-40,12,12
70-1.6-3-0.43-0-0-100,21,21
70-1.0-3-0.5-0-0-52,11,11
70-1.0-3-0.03-0-0-82,17,17
70-1.6-3-0.03-0-0-40,25,25
70-1.0-3-0.01-0-0-80,19,21
70-1.0-3-0.41-0-0-34,13,14
70-1.3-3-0.43-0-0-71,15,16
70-3.1-3-0.44-0-0-30,32,34
70-2.2-3-0.31-0-0-81,29,33
70-2.2-3-0.23-0-0-11,29,29
70-2.2-3-0.1-0-0-82,32,34
70-2.2-3-0.1-0-0-72,32,36
70-4.0-3-0.34-0-0-50,41,43
70-3.1-3-0.13-0-0-80,39,43
70-2.2-3-0.03-0-0-41,35,35
70-1.3-3-0.02-0-0-62,20,22
70-1.0-3-0.37-0-0-60,12,13
70-1.0-3-0.44-0-0-42,11,12
70-1.3-3-0.01-0-0-63,23,24
70-2.5-3-0.12-0-0-70,35,36
70-1.0-3-0.34-0-0-2,9,10
70-3.4-3-0.1-0-0-10,41,42
70-3.1-3-0.1-0-0-22,39,40
70-3.1-3-0.15-0-0-20,38,40
70-1.6-3-0.42-0-0-100,21,23
70-3.4-3-0.11-0-0-60,41,42
70-1.0-3-0.4-0-0-43,12,12
70-1.3-3-0.23-0-0-42,18,20
70-3.1-3-0.43-0-0-70,32,34
70-1.3-3-0.05-0-0-80,23,25
70-4.0-3-0.43-0-0-10,39,41
70-2.2-3-0.15-0-0-100,33,34
70-1.0-3-0.4-0-0-72,13,14
70-2.2-3-0.05-0-0-70,33,35
70-1.6-3-0.43-0-0-50,18,19
70-1.0-3-0.08-0-0-20,15,16
70-4.0-3-0.24-0-0-50,41,43
70-1.0-3-0.18-0-0-50,15,17
70-1.0-3-0.15-0-0-81,16,16
70-1.0-3-0.13-0-0-80,16,18
70-4.0-3-0.44-0-0-50,38,41
70-2.2-3-0.12-0-0-62,33,35
70-1.0-3-0.14-0-0-23,15,16
70-1.6-3-0.21-0-0-90,26,27
70-4.0-3-0.1-0-0-11,44,47
70-1.3-3-0.42-0-0-72,17,17
70-3.1-3-0.14-0-0-50,35,38
70-3.4-3-0.42-0-0-100,36,37
70-3.4-3-0.31-0-0-100,37,40
70-1.0-3-0.44-0-0-3,10,10
70-2.2-3-0.0-0-0-42,34,35
70-1.6-3-0.02-0-0-70,29,32
70-1.3-3-0.01-0-0-52,22,22
70-1.0-3-0.24-0-0-2,15,16
70-2.2-3-0.4-0-0-31,26,27
70-2.2-3-0.01-0-0-42,34,37
70-4.3-3-0.1-0-0-30,45,47
70-3.4-3-0.12-0-0-50,42,44
70-1.3-3-0.21-0-0-82,19,20
70-1.0-3-0.14-0-0-53,15,16
70-1.6-3-0.14-0-0-20,24,25
70-1.0-3-0.0-0-0-5,18,19
70-1.0-3-0.05-0-0-72,17,19
70-2.2-3-0.01-0-0-2,33,36
70-3.1-3-0.11-0-0-81,38,40
70-1.0-3-0.04-0-0-52,18,19
70-4.0-3-0.31-0-0-101,40,42
70-3.1-3-0.5-0-0-40,32,34
70-1.3-3-0.43-0-0-21,12,14
70-2.2-3-0.25-0-0-100,30,30
70-1.3-3-0.4-0-0-1,17,18
70-1.3-3-0.33-0-0-71,20,21
70-1.0-3-0.36-0-0-51,13,13
70-4.0-3-0.24-0-0-120,43,46
70-2.5-3-0.13-0-0-30,35,37
70-2.2-3-0.42-0-0-12,26,28
70-2.2-3-0.2-0-0-52,29,32
70-1.0-3-0.48-0-0-30,9,9
70-3.1-3-0.14-0-0-20,38,40
70-4.0-3-0.33-0-0-60,40,40
70-3.1-3-0.05-0-0-20,40,41
70-1.0-3-0.13-0-0-53,15,16
70-2.2-3-0.25-0-0-10,30,32
70-1.3-3-0.24-0-0-51,19,21
70-2.2-3-0.22-0-0-90,32,32
70-2.5-3-0.21-0-0-100,32,34
70-1.0-3-0.31-0-0-14,14,14
70-3.1-3-0.22-0-0-21,39,40
70-1.3-3-0.43-0-0-22,16,17
70-3.1-3-0.34-0-0-50,36,38
70-2.2-3-0.44-0-0-10,26,28
70-3.4-3-0.0-0-0-30,42,46
70-1.3-3-0.45-0-0-70,14,15
70-1.0-3-0.01-0-0-64,17,18
70-2.2-3-0.12-0-0-12,33,35
70-1.6-3-0.22-0-0-50,25,27
70-1.0-3-0.35-0-0-91,14,16
70-1.3-3-0.12-0-0-91,21,24
70-1.3-3-0.13-0-0-81,20,20
70-2.2-3-0.12-0-0-32,30,31
70-4.0-3-0.04-0-0-10,45,48
70-3.4-3-0.01-0-0-60,43,44
70-1.0-3-0.44-0-0-54,11,12
70-1.6-3-0.13-0-0-10,25,28
70-1.0-3-0.05-0-0-22,17,19
70-1.0-3-0.14-0-0-20,16,17
70-1.0-3-0.02-0-0-1,17,18
70-1.0-3-0.04-0-0-13,15,17
70-2.5-3-0.21-0-0-40,32,33
70-1.0-3-0.47-0-0-21,8,8
70-4.0-3-0.22-0-0-41,43,45
70-2.2-3-0.35-0-0-20,29,30
70-2.2-3-0.03-0-0-80,33,35
70-4.0-3-0.33-0-0-20,42,45
70-1.0-3-0.24-0-0-63,14,15
70-3.1-3-0.01-0-0-12,40,43
70-4.0-3-0.03-0-0-100,46,48
70-1.3-3-0.23-0-0-62,18,20
70-3.1-3-0.21-0-0-61,36,40
70-4.0-3-0.21-0-0-21,42,45
70-1.0-3-0.24-0-0-33,14,15
70-3.1-3-0.14-0-0-40,40,42
70-1.0-3-0.3-0-0-50,13,13
70-3.1-3-0.22-0-0-80,36,38
70-3.1-3-0.42-0-0-1,35,38
70-3.1-3-0.33-0-0-10,36,38
70-2.2-3-0.02-0-0-71,32,34
70-2.5-3-0.1-0-0-40,35,37
70-3.1-3-0.03-0-0-40,41,43
70-1.3-3-0.21-0-0-32,19,20
70-1.0-3-0.16-0-0-11,13,14
70-1.3-3-0.21-0-0-42,19,21
70-3.1-3-0.45-0-0-40,35,37
70-4.0-3-0.12-0-0-60,44,45
70-1.3-3-0.13-0-0-51,21,22
70-2.5-3-0.01-0-0-41,35,37
70-1.0-3-0.48-0-0-70,9,9
70-1.6-3-0.4-0-0-40,17,18
70-1.3-3-0.31-0-0-62,17,18
70-1.0-3-0.01-0-0-14,18,19
70-3.1-3-0.14-0-0-60,38,42
70-3.1-3-0.45-0-0-20,33,34
70-1.0-3-0.02-0-0-11,17,18
70-2.2-3-0.36-0-0-20,27,28
70-1.3-3-0.3-0-0-81,19,20
70-2.5-3-0.21-0-0-10,33,35
70-1.0-3-0.0-0-0-44,16,16
70-4.3-3-0.0-0-0-60,47,49
70-3.1-3-0.22-0-0-90,37,39
70-1.0-3-0.11-0-0-84,16,16
70-2.2-3-0.15-0-0-50,33,35
70-1.0-3-0.12-0-0-34,15,16
70-2.5-3-0.42-0-0-70,27,31
70-1.3-3-0.04-0-0-90,22,24
70-1.0-3-0.02-0-0-60,17,17
70-1.0-3-0.34-0-0-12,12,13
70-3.4-3-0.2-0-0-10,40,42
70-3.1-3-0.21-0-0-2,38,41
70-2.2-3-0.18-0-0-8,31,32
70-2.5-3-0.3-0-0-30,31,33
70-2.2-3-0.11-0-0-2,32,35
70-1.0-3-0.34-0-0-20,13,13
70-1.6-3-0.02-0-0-50,25,28
70-3.1-3-0.2-0-0-80,39,41
70-1.0-3-0.23-0-0-53,14,15
70-3.4-3-0.22-0-0-20,39,41
70-1.0-3-0.1-0-0-83,17,18
70-1.0-3-0.4-0-0-82,12,12
70-1.0-3-0.12-0-0-61,17,17
70-1.6-3-0.23-0-0-50,25,28
70-3.1-3-0.2-0-0-31,37,39
70-1.3-3-0.04-0-0-71,20,22
70-2.5-3-0.21-0-0-21,33,37
70-2.2-3-0.45-0-0-40,25,26
70-1.3-3-0.16-0-0-20,20,22
70-4.0-3-0.13-0-0-70,43,44
70-4.0-3-0.04-0-0-100,45,46
70-2.2-3-0.14-0-0-1,30,32
70-4.3-3-0.01-0-0-10,48,48
70-2.2-3-0.22-0-0-81,30,32
70-1.3-3-0.14-0-0-31,20,21
70-2.5-3-0.03-0-0-30,36,38
70-1.0-3-0.47-0-0-11,12,13
70-2.2-3-0.0-0-0-33,33,34
70-2.5-3-0.0-0-0-71,37,38
70-4.3-3-0.41-0-0-110,41,43
70-3.1-3-0.21-0-0-81,37,40
70-1.3-3-0.44-0-0-61,14,15
70-2.2-3-0.5-0-0-70,25,26
70-4.3-3-0.0-0-0-140,46,48
70-3.1-3-0.41-0-0-32,35,39
70-4.0-3-0.43-0-0-70,40,40
70-2.5-3-0.03-0-0-20,37,39
70-1.0-3-0.27-0-0-60,14,15
70-1.3-3-0.13-0-0-2,20,23
70-2.2-3-0.32-0-0-22,30,33
70-1.3-3-0.35-0-0-10,18,20
70-3.4-3-0.21-0-0-10,39,41
70-3.1-3-0.5-0-0-100,32,35
70-3.1-3-0.31-0-0-61,37,39
70-2.2-3-0.13-0-0-81,32,34
70-4.3-3-0.01-0-0-50,46,47
70-1.0-3-0.0-0-0-45,16,16
70-4.0-3-0.23-0-0-120,44,46
70-1.0-3-0.4-0-0-42,13,14
70-1.6-3-0.02-0-0-30,26,28
70-1.6-3-0.42-0-0-60,18,20
70-4.3-3-0.21-0-0-60,43,46
70-1.0-3-0.46-0-0-1,11,11
70-1.3-3-0.03-0-0-90,24,25
70-1.3-3-0.15-0-0-80,20,21
70-1.3-3-0.15-0-0-31,20,21
70-4.0-3-0.34-0-0-110,39,41
70-1.0-3-0.12-0-0-44,14,14
70-1.0-3-0.07-0-0-70,17,19
70-3.1-3-0.1-0-0-42,39,40
70-4.0-3-0.23-0-0-110,42,44
70-1.3-3-0.06-0-0-100,23,24
70-1.0-3-0.34-0-0-42,11,12
70-2.5-3-0.01-0-0-51,37,40
70-2.2-3-0.46-0-0-10,24,26
70-1.6-3-0.42-0-0-50,20,22
70-1.0-3-0.15-0-0-62,16,16
70-2.2-3-0.41-0-0-81,27,28
70-2.2-3-0.44-0-0-11,24,26
70-1.3-3-0.43-0-0-2,15,16
70-1.3-3-0.21-0-0-13,18,20
70-1.3-3-0.5-0-0-60,13,14
70-2.2-3-0.25-0-0-20,30,30
70-4.0-3-0.3-0-0-30,41,44
70-1.0-3-0.12-0-0-80,15,15
70-2.2-3-0.14-0-0-11,33,35
70-1.3-3-0.25-0-0-21,21,22
70-4.0-3-0.42-0-0-100,39,41
70-1.0-3-0.35-0-0-81,11,12
70-3.1-3-0.1-0-0-71,38,40
70-2.2-3-0.4-0-0-61,27,29
70-3.1-3-0.13-0-0-60,40,43
70-2.2-3-0.46-0-0-100,26,28
70-1.3-3-0.03-0-0-22,22,25
70-1.0-3-0.24-0-0-23,16,16
70-1.3-3-0.31-0-0-52,17,19
70-1.6-3-0.32-0-0-41,24,25
70-1.6-3-0.22-0-0-100,24,26
70-1.0-3-0.22-0-0-83,14,15
70-3.1-3-0.42-0-0-41,35,36
70-1.3-3-0.2-0-0-42,20,21
70-1.0-3-0.44-0-0-53,13,13
70-4.0-3-0.43-0-0-120,36,36
70-3.1-3-0.35-0-0-40,34,36
70-3.1-3-0.02-0-0-80,42,43
70-2.2-3-0.02-0-0-41,35,35
70-3.1-3-0.13-0-0-11,40,41
70-4.0-3-0.22-0-0-50,43,47
70-1.6-3-0.1-0-0-31,26,27
70-1.0-3-0.36-0-0-1,12,13
70-3.1-3-0.13-0-0-31,40,41
70-3.1-3-0.31-0-0-41,37,38
70-1.0-3-0.31-0-0-83,13,13
70-3.1-3-0.0-0-0-2,42,44
70-1.0-3-0.5-0-0-32,9,10
70-2.2-3-0.14-0-0-51,33,35
70-1.0-3-0.21-0-0-74,16,17
70-1.0-3-0.06-0-0-71,17,17
70-1.0-3-0.34-0-0-22,15,17
70-2.2-3-0.02-0-0-22,34,35
70-3.1-3-0.32-0-0-90,35,38
70-1.3-3-0.21-0-0-52,19,21
70-1.0-3-0.02-0-0-43,16,17
70-1.0-3-0.44-0-0-72,11,11
70-1.0-3-0.06-0-0-42,15,17
70-4.0-3-0.13-0-0-100,44,46
70-3.1-3-0.03-0-0-70,42,45
70-2.2-3-0.15-0-0-30,33,35
70-2.2-3-0.42-0-0-2,27,29
70-1.0-3-0.44-0-0-22,12,13
70-2.5-3-0.1-0-0-50,35,37
70-2.2-3-0.04-0-0-11,33,36
70-3.1-3-0.11-0-0-90,38,40
70-1.3-3-0.35-0-0-30,17,18
70-1.0-3-0.03-0-0-40,17,18
70-2.5-3-0.32-0-0-100,30,32
70-1.3-3-0.02-0-0-72,20,21
70-1.3-3-0.45-0-0-31,16,18
70-1.0-3-0.3-0-0-30,13,13
70-1.3-3-0.33-0-0-62,18,19
70-1.6-3-0.12-0-0-41,24,26
70-1.0-3-0.04-0-0-22,17,19
70-2.2-3-0.34-0-0-40,29,30
70-1.3-3-0.2-0-0-91,18,18
70-4.0-3-0.11-0-0-101,43,46
70-2.2-3-0.41-0-0-42,28,30
70-1.3-3-0.34-0-0-61,17,19
70-1.0-3-0.26-0-0-13,14,14
70-1.6-3-0.0-0-0-2,28,30
70-3.1-3-0.0-0-0-52,40,42
70-4.0-3-0.02-0-0-111,45,47
70-1.6-3-0.33-0-0-30,22,24
70-1.0-3-0.43-0-0-63,12,13
70-1.0-3-0.23-0-0-43,14,15
70-3.1-3-0.23-0-0-30,37,39
70-1.3-3-0.26-0-0-50,19,20
70-2.2-3-0.21-0-0-2,30,31
70-4.0-3-0.32-0-0-100,40,43
70-1.3-3-0.25-0-0-10,18,22
70-2.2-3-0.02-0-0-81,32,35
70-1.0-3-0.32-0-0-33,14,15
70-1.6-3-0.31-0-0-21,21,21
70-1.6-3-0.41-0-0-61,21,22
70-2.5-3-0.1-0-0-41,36,37
70-1.6-3-0.12-0-0-50,26,29
70-1.0-3-0.03-0-0-43,16,17
70-1.0-3-0.45-0-0-2,9,10
70-1.0-3-0.11-0-0-93,14,15
70-1.3-3-0.25-0-0-40,18,20
70-1.0-3-0.01-0-0-54,17,18
70-1.0-3-0.16-0-0-12,15,15
70-3.1-3-0.31-0-0-42,36,38
70-4.0-3-0.23-0-0-100,42,44
70-2.2-3-0.44-0-0-1,26,29
70-1.3-3-0.23-0-0-12,19,20
70-3.1-3-0.32-0-0-81,37,37
70-3.1-3-0.43-0-0-30,33,34
70-1.0-3-0.4-0-0-32,13,14
70-1.6-3-0.41-0-0-41,20,21
70-1.3-3-0.2-0-0-81,20,22
70-1.0-3-0.37-0-0-61,12,12
70-3.1-3-0.33-0-0-50,37,40
70-2.5-3-0.01-0-0-1,36,40
70-1.6-3-0.42-0-0-1,20,23
70-1.9-3-0.44-0-0-46,24,25
70-3.1-3-0.34-0-0-40,36,39
70-2.5-3-0.01-0-0-50,37,39
70-3.1-3-0.33-0-0-20,35,36
70-1.0-3-0.35-0-0-12,13,14
70-2.5-3-0.02-0-0-40,36,37
70-4.0-3-0.34-0-0-40,42,43
70-3.1-3-0.32-0-0-71,36,39
70-2.5-3-0.21-0-0-50,32,34
70-2.2-3-0.3-0-0-11,27,30
70-1.3-3-0.44-0-0-1,17,19
70-4.0-3-0.01-0-0-1,46,47
70-3.1-3-0.22-0-0-41,38,39
70-1.3-3-0.11-0-0-72,20,21
70-1.0-3-0.08-0-0-50,17,17
70-3.1-3-0.2-0-0-11,40,40
70-1.0-3-0.5-0-0-91,12,13
70-4.3-3-0.31-0-0-240,44,46
70-1.0-3-0.24-0-0-42,14,15
70-2.2-3-0.34-0-0-31,27,30
70-1.3-3-0.06-0-0-40,21,23
70-2.2-3-0.11-0-0-12,34,36
70-3.1-3-0.43-0-0-50,32,33
70-1.3-3-0.33-0-0-12,17,17
70-1.3-3-0.26-0-0-60,19,20
70-2.2-3-0.31-0-0-2,30,32
70-1.0-3-0.2-0-0-24,15,16
70-4.0-3-0.02-0-0-60,45,46
70-1.0-3-0.26-0-0-22,15,16
70-2.5-3-0.33-0-0-20,31,33
70-1.0-3-0.17-0-0-61,16,18
70-4.0-3-0.43-0-0-110,40,42
70-4.0-3-0.32-0-0-61,41,42
70-4.0-3-0.33-0-0-110,40,43
70-3.4-3-0.01-0-0-70,42,43
70-4.0-3-0.42-0-0-121,38,42
70-1.6-3-0.12-0-0-31,23,26
70-1.3-3-0.25-0-0-100,20,20
70-1.3-3-0.35-0-0-50,17,19
70-1.0-3-0.36-0-0-90,13,14
70-1.0-3-0.04-0-0-91,15,16
70-1.3-3-0.05-0-0-100,21,23
70-4.0-3-0.4-0-0-120,39,41
70-1.3-3-0.22-0-0-91,19,19
70-1.3-3-0.3-0-0-61,20,21
70-1.0-3-0.1-0-0-74,17,17
70-2.2-3-0.34-0-0-30,28,30
70-1.0-3-0.03-0-0-83,17,18
70-3.1-3-0.22-0-0-71,36,37
70-3.4-3-0.12-0-0-10,39,40
70-2.2-3-0.21-0-0-42,30,31
70-3.1-3-0.15-0-0-10,39,41
70-1.0-3-0.42-0-0-24,12,12
70-4.0-3-0.04-0-0-40,45,47
70-3.1-3-0.22-0-0-31,37,38
70-1.6-3-0.12-0-0-11,26,28
70-1.3-3-0.03-0-0-51,21,23
70-1.3-3-0.3-0-0-22,17,17
70-1.3-3-0.11-0-0-53,21,22
70-1.6-3-0.42-0-0-21,18,19
70-1.6-3-0.02-0-0-100,26,27
70-2.2-3-0.42-0-0-41,27,29
70-4.3-3-0.36-0-0-117,41,42
70-2.2-3-0.1-0-0-81,32,34
70-2.2-3-0.24-0-0-70,29,32
70-4.0-3-0.31-0-0-90,41,45
70-3.1-3-0.11-0-0-22,41,45
70-1.3-3-0.11-0-0-40,21,22
70-1.3-3-0.01-0-0-72,21,21
70-3.1-3-0.43-0-0-100,34,36
70-3.1-3-0.1-0-0-32,40,41
70-3.1-3-0.33-0-0-30,35,35
70-4.0-3-0.31-0-0-80,41,43
70-2.5-3-0.31-0-0-60,29,30
70-2.5-3-0.3-0-0-10,33,33
70-1.6-3-0.2-0-0-10,24,25
70-3.1-3-0.02-0-0-90,40,42
70-2.2-3-0.4-0-0-40,24,27
70-3.1-3-0.3-0-0-61,35,38
70-1.3-3-0.32-0-0-22,17,19
70-3.1-3-0.31-0-0-32,37,38
70-1.0-3-0.02-0-0-4,17,19
70-1.3-3-0.11-0-0-10,21,22
70-1.0-3-0.32-0-0-92,14,14
70-3.4-3-0.22-0-0-30,40,42
70-2.5-3-0.02-0-0-50,36,38
70-4.0-3-0.11-0-0-111,44,46
70-1.3-3-0.15-0-0-30,21,21
70-1.0-3-0.11-0-0-83,17,18
70-3.1-3-0.13-0-0-30,39,40
70-3.4-3-0.32-0-0-20,38,41
70-1.0-3-0.11-0-0-24,18,19
70-1.0-3-0.14-0-0-82,16,17
70-2.2-3-0.44-0-0-80,26,28
70-1.3-3-0.1-0-0-33,19,20
70-1.3-3-0.44-0-0-71,15,16
70-1.3-3-0.34-0-0-51,17,18
70-1.6-3-0.3-0-0-70,21,23
70-4.0-3-0.23-0-0-70,42,44
70-1.0-3-0.16-0-0-2,16,17
70-1.6-3-0.22-0-0-40,24,27
70-1.0-3-0.14-0-0-32,15,17
70-2.2-3-0.42-0-0-61,25,28
70-3.1-3-0.21-0-0-42,37,40
70-1.0-3-0.47-0-0-51,9,9
70-1.3-3-0.21-0-0-53,20,22
70-2.2-3-0.06-0-0-10,32,35
70-1.3-3-0.12-0-0-52,19,20
70-1.3-3-0.3-0-0-41,20,21
70-1.0-3-0.04-0-0-32,17,19
70-4.0-3-0.02-0-0-31,45,47
70-2.5-3-0.12-0-0-10,36,37
70-2.2-3-0.1-0-0-22,32,34
70-1.3-3-0.46-0-0-40,14,14
70-1.0-3-0.01-0-0-11,18,18
70-1.3-3-0.03-0-0-62,23,24
70-2.2-3-0.0-0-0-3,34,35
70-4.0-3-0.14-0-0-110,43,45
70-1.3-3-0.34-0-0-41,16,16
70-2.2-3-0.16-0-0-20,33,34
70-4.3-3-0.1-0-0-150,46,48
70-2.2-3-0.31-0-0-52,29,30
70-1.0-3-0.28-0-0-40,12,13
70-2.2-3-0.5-0-0-60,23,25
70-4.0-3-0.42-0-0-101,40,41
70-1.0-3-0.02-0-0-14,17,18
70-1.0-3-0.13-0-0-40,17,19
70-1.3-3-0.5-0-0-40,15,16
70-1.3-3-0.14-0-0-90,20,22
70-3.1-3-0.31-0-0-90,38,41
70-2.2-3-0.2-0-0-61,31,33
70-3.1-3-0.24-0-0-40,38,40
70-3.4-3-0.01-0-0-20,41,43
70-1.6-3-0.3-0-0-50,23,25
70-1.0-3-0.1-0-0-31,16,17
70-2.2-3-0.33-0-0-51,30,32
70-4.0-3-0.32-0-0-41,40,43
70-4.0-3-0.32-0-0-50,39,41
70-2.2-3-0.34-0-0-100,28,30
70-3.1-3-0.01-0-0-42,41,42
70-4.3-3-0.01-0-0-130,47,49
70-3.1-3-0.1-0-0-61,41,42
70-4.0-3-0.03-0-0-20,45,46
70-1.3-3-0.44-0-0-21,15,15
70-1.0-3-0.33-0-0-82,15,16
70-1.3-3-0.32-0-0-81,19,20
70-1.3-3-0.23-0-0-31,19,21
70-2.2-3-0.16-0-0-10,30,33
70-2.5-3-0.13-0-0-40,36,37
70-2.5-3-0.41-0-0-20,30,31
70-1.6-3-0.12-0-0-1,25,28
70-2.2-3-0.06-0-0-100,33,35
70-1.0-3-0.22-0-0-54,15,17
70-4.3-3-0.0-0-0-100,47,48
70-4.3-3-0.01-0-0-60,47,49
70-1.0-3-0.0-0-0-62,17,19
70-1.3-3-0.12-0-0-32,22,24
70-1.3-3-0.04-0-0-1,22,24
70-4.3-3-0.01-0-0-100,47,48
70-1.3-3-0.06-0-0-50,23,23
70-1.3-3-0.2-0-0-72,21,23
70-1.6-3-0.42-0-0-70,18,18
70-2.2-3-0.41-0-0-91,29,31
70-2.2-3-0.36-0-0-100,26,27
70-2.2-3-0.12-0-0-42,31,33
70-2.2-3-0.34-0-0-20,28,30
70-3.1-3-0.42-0-0-31,32,33
70-1.3-3-0.46-0-0-60,14,15
70-3.1-3-0.3-0-0-51,35,37
70-3.1-3-0.13-0-0-41,38,41
70-1.0-3-0.38-0-0-20,12,12
70-2.5-3-0.11-0-0-60,34,37
70-3.1-3-0.33-0-0-41,37,38
70-3.1-3-0.02-0-0-81,41,43
70-2.2-3-0.14-0-0-20,33,34
70-1.0-3-0.28-0-0-60,13,14
70-3.1-3-0.14-0-0-30,38,40
70-4.0-3-0.3-0-0-110,42,46
70-1.3-3-0.06-0-0-20,22,23
70-1.0-3-0.07-0-0-41,18,19
70-1.3-3-0.42-0-0-81,15,16
70-2.2-3-0.22-0-0-22,31,35
70-1.3-3-0.32-0-0-42,16,18
70-4.0-3-0.12-0-0-30,46,48
70-2.2-3-0.42-0-0-32,26,27
70-1.3-3-0.33-0-0-51,16,17
70-1.0-3-0.03-0-0-73,16,16
70-2.5-3-0.13-0-0-50,35,37
70-4.0-3-0.0-0-0-12,46,47
70-2.2-3-0.43-0-0-80,28,30
70-3.4-3-0.21-0-0-50,42,43
70-1.3-3-0.24-0-0-61,20,23
70-1.3-3-0.2-0-0-82,21,22
70-3.1-3-0.3-0-0-11,37,39
70-1.0-3-0.21-0-0-41,16,17
70-4.0-3-0.44-0-0-10,39,40
70-1.0-3-0.21-0-0-14,14,14
70-3.1-3-0.23-0-0-40,39,42
70-2.2-3-0.32-0-0-52,29,30
70-1.3-3-0.36-0-0-70,15,18
70-2.2-3-0.42-0-0-31,26,27
70-3.4-3-0.2-0-0-50,40,42
70-2.2-3-0.3-0-0-61,28,29
70-3.4-3-0.11-0-0-30,42,44
70-4.0-3-0.44-0-0-130,37,39
70-2.5-3-0.31-0-0-70,33,34
70-1.0-3-0.2-0-0-43,14,14
70-1.3-3-0.41-0-0-63,16,16
70-1.0-3-0.07-0-0-11,16,17
70-1.0-3-0.03-0-0-92,16,16
70-1.0-3-0.42-0-0-43,10,10
70-2.2-3-0.35-0-0-30,27,28
70-1.0-3-0.46-0-0-11,9,10
70-2.2-3-0.13-0-0-11,34,36
70-3.1-3-0.05-0-0-10,39,40
70-1.6-3-0.32-0-0-80,22,23
70-4.0-3-0.4-0-0-30,39,41
70-4.0-3-0.23-0-0-10,42,44
70-2.5-3-0.41-0-0-80,29,30
70-1.0-3-0.26-0-0-51,12,12
70-1.6-3-0.41-0-0-80,22,23
70-2.2-3-0.24-0-0-10,32,33
70-2.2-3-0.43-0-0-61,26,28
70-2.2-3-0.32-0-0-71,29,30
70-4.3-3-0.31-0-0-230,40,41
70-1.3-3-0.03-0-0-32,23,24
70-4.0-3-0.42-0-0-30,37,40
70-1.3-3-0.2-0-0-62,19,20
70-3.1-3-0.41-0-0-41,33,34
70-1.6-3-0.33-0-0-100,20,21
70-3.1-3-0.1-0-0-41,38,40
70-1.0-3-0.16-0-0-31,16,18
70-1.6-3-0.1-0-0-61,24,26
70-1.0-3-0.13-0-0-92,17,18
70-1.3-3-0.46-0-0-10,14,14
70-1.0-3-0.46-0-0-81,9,10
70-1.3-3-0.41-0-0-12,17,17
70-2.5-3-0.42-0-0-10,31,31
70-1.3-3-0.3-0-0-42,16,18
70-1.0-3-0.35-0-0-22,14,14
70-1.3-3-0.04-0-0-31,21,22
70-3.1-3-0.12-0-0-71,37,38
70-1.0-3-0.34-0-0-33,12,13
70-2.2-3-0.32-0-0-42,28,29
70-4.0-3-0.04-0-0-20,46,48
70-2.2-3-0.3-0-0-71,29,30
70-1.0-3-0.36-0-0-11,11,12
70-1.0-3-0.37-0-0-41,14,14
70-3.1-3-0.04-0-0-10,40,43
70-1.6-3-0.24-0-0-20,23,26
70-1.6-3-0.0-0-0-32,27,28
70-1.3-3-0.03-0-0-81,21,23
70-1.3-3-0.35-0-0-11,19,20
70-2.5-3-0.31-0-0-30,31,33
70-2.5-3-0.02-0-0-60,36,38
70-2.2-3-0.02-0-0-32,34,36
70-1.0-3-0.18-0-0-100,14,14
70-4.0-3-0.01-0-0-80,44,45
70-1.3-3-0.41-0-0-33,15,17
70-1.6-3-0.1-0-0-21,26,27
70-3.4-3-0.02-0-0-10,42,44
70-1.0-3-0.02-0-0-64,17,18
70-1.3-3-0.16-0-0-50,18,18
70-3.1-3-0.41-0-0-51,35,37
70-3.1-3-0.2-0-0-21,39,40
70-1.3-3-0.33-0-0-2,19,20
70-1.6-3-0.2-0-0-100,25,27
70-2.2-3-0.13-0-0-21,31,33
70-1.6-3-0.02-0-0-40,29,30
70-2.2-3-0.03-0-0-11,34,35
70-1.0-3-0.36-0-0-81,11,12
70-1.0-3-0.22-0-0-73,16,16
70-1.0-3-0.43-0-0-43,12,12
70-1.0-3-0.15-0-0-72,18,18
70-3.1-3-0.43-0-0-60,35,38
70-2.5-3-0.33-0-0-10,29,30
70-1.0-3-0.01-0-0-24,17,18
70-1.0-3-0.06-0-0-41,14,16
70-3.4-3-0.01-0-0-10,43,44
70-4.0-3-0.21-0-0-11,43,46
70-1.0-3-0.43-0-0-80,12,12
70-1.0-3-0.37-0-0-51,12,12
70-1.0-3-0.45-0-0-22,11,11
70-4.0-3-0.23-0-0-40,43,46
70-1.0-3-0.35-0-0-62,14,14
70-3.4-3-0.21-0-0-60,40,42
70-3.1-3-0.23-0-0-41,39,41
70-1.0-3-0.23-0-0-23,15,15
70-1.0-3-0.12-0-0-53,17,19
70-2.5-3-0.33-0-0-100,32,34
70-2.5-3-0.15-0-0-99,33,35
70-2.2-3-0.23-0-0-1,32,34
70-1.0-3-0.3-0-0-3,15,16
70-1.6-3-0.34-0-0-10,20,21
70-1.0-3-0.03-0-0-3,17,19
70-1.0-3-0.36-0-0-71,12,13
70-4.0-3-0.12-0-0-20,44,46
70-1.6-3-0.0-0-0-41,25,26
70-4.0-3-0.41-0-0-61,38,39
70-2.2-3-0.04-0-0-20,34,36
70-2.5-3-0.23-0-0-20,33,35
70-1.6-3-0.31-0-0-1,24,27
70-4.0-3-0.2-0-0-21,41,42
70-1.0-3-0.13-0-0-63,16,16
70-1.3-3-0.35-0-0-80,16,17
70-3.1-3-0.03-0-0-1,41,42
70-3.4-3-0.41-0-0-10,37,39
70-2.2-3-0.01-0-0-12,34,35
70-1.3-3-0.1-0-0-91,19,19
70-4.0-3-0.44-0-0-100,39,43
70-1.6-3-0.03-0-0-30,26,28
70-1.3-3-0.31-0-0-53,19,19
70-1.0-3-0.07-0-0-21,16,16
70-2.2-3-0.01-0-0-22,33,34
70-1.3-3-0.21-0-0-3,17,19
70-3.1-3-0.15-0-0-37,40,43
70-3.1-3-0.5-0-0-10,31,34
70-1.0-3-0.11-0-0-51,16,17
70-2.2-3-0.34-0-0-50,29,29
70-4.0-3-0.34-0-0-100,41,44
70-3.1-3-0.35-0-0-50,34,36
70-1.3-3-0.5-0-0-41,12,13
70-1.0-3-0.2-0-0-64,16,17
70-1.6-3-0.11-0-0-80,26,28
70-4.0-3-0.4-0-0-130,39,41
70-2.2-3-0.23-0-0-90,31,35
70-1.3-3-0.31-0-0-42,19,20
70-2.5-3-0.02-0-0-30,38,40
70-2.2-3-0.31-0-0-72,27,30
70-2.2-3-0.2-0-0-2,30,32
70-1.6-3-0.11-0-0-41,25,26
70-3.4-3-0.02-0-0-60,42,43
70-1.0-3-0.43-0-0-3,12,13
70-1.0-3-0.4-0-0-52,15,15
70-2.2-3-0.31-0-0-32,28,29
70-2.2-3-0.16-0-0-30,33,35
70-2.2-3-0.14-0-0-30,32,33
70-3.1-3-0.02-0-0-71,38,40
70-1.6-3-0.03-0-0-100,27,28
70-2.5-3-0.02-0-0-10,39,41
70-1.0-3-0.46-0-0-31,10,10
70-3.1-3-0.33-0-0-61,36,38
70-2.2-3-0.21-0-0-81,29,31
70-2.5-3-0.12-0-0-30,35,37
70-1.3-3-0.32-0-0-32,18,19
70-1.3-3-0.02-0-0-22,21,21
70-1.3-3-0.24-0-0-11,19,21
70-1.3-3-0.1-0-0-43,22,23
70-4.3-3-0.0-0-0-40,47,49
70-3.4-3-0.02-0-0-50,43,45
70-2.2-3-0.3-0-0-1,31,33
70-4.0-3-0.43-0-0-100,38,39
70-1.0-3-0.28-0-0-20,12,13
70-3.7-3-0.18-0-0-47,41,43
70-1.0-3-0.24-0-0-13,13,13
70-3.1-3-0.44-0-0-40,32,33
70-1.0-3-0.08-0-0-100,17,18
70-2.5-3-0.0-0-0-41,35,37
70-1.3-3-0.04-0-0-11,21,22
70-2.2-3-0.26-0-0-20,27,29
70-1.3-3-0.03-0-0-31,22,24
70-3.4-3-0.22-0-0-60,40,43
70-1.0-3-0.1-0-0-93,17,17
70-2.2-3-0.14-0-0-61,31,32
70-1.0-3-0.18-0-0-30,14,14
70-1.0-3-0.27-0-0-41,13,13
70-4.0-3-0.2-0-0-1,43,44
70-2.2-3-0.44-0-0-31,27,28
70-3.1-3-0.04-0-0-100,41,45
70-3.1-3-0.2-0-0-61,39,42
70-1.0-3-0.06-0-0-33,15,17
70-4.3-3-0.37-0-0-197,39,41
70-2.5-3-0.31-0-0-41,33,35
70-1.3-3-0.31-0-0-91,19,21
70-1.3-3-0.24-0-0-1,17,19
70-2.2-3-0.34-0-0-10,27,28
70-3.1-3-0.15-0-0-100,40,41
70-1.0-3-0.0-0-0-93,18,20
70-4.0-3-0.21-0-0-41,44,46
70-1.0-3-0.05-0-0-91,15,16
70-2.2-3-0.13-0-0-80,31,34
70-1.0-3-0.4-0-0-63,12,12
70-2.5-3-0.11-0-0-50,35,36
70-3.4-3-0.41-0-0-100,38,40
70-3.7-3-0.46-0-0-68,37,39
70-2.5-3-0.43-0-0-50,29,30
70-1.6-3-0.04-0-0-30,28,30
70-3.4-3-0.32-0-0-40,37,40
70-1.0-3-0.12-0-0-64,14,15
70-2.5-3-0.23-0-0-40,33,36
70-3.1-3-0.1-0-0-2,40,42
70-2.5-3-0.03-0-0-100,34,36
70-3.1-3-0.03-0-0-61,41,44
70-4.3-3-0.21-0-0-179,44,46
70-2.2-3-0.21-0-0-22,31,32
70-4.0-3-0.01-0-0-71,45,48
70-1.3-3-0.22-0-0-82,17,19
70-3.4-3-0.32-0-0-10,39,41
70-1.0-3-0.31-0-0-64,13,14
70-1.0-3-0.27-0-0-80,13,13
70-3.1-3-0.15-0-0-40,38,40
70-2.2-3-0.03-0-0-90,32,35
70-1.0-3-0.46-0-0-71,10,11
70-1.0-3-0.06-0-0-1,18,19
70-4.0-3-0.12-0-0-50,45,46
70-1.3-3-0.23-0-0-51,20,22
70-1.3-3-0.25-0-0-51,18,19
70-4.0-3-0.41-0-0-31,39,39
70-1.6-3-0.22-0-0-41,22,22
70-1.0-3-0.0-0-0-74,18,19
70-1.0-3-0.43-0-0-23,10,11
70-1.3-3-0.43-0-0-51,13,16
70-3.1-3-0.35-0-0-30,35,37
70-1.0-3-0.45-0-0-72,10,10
70-1.0-3-0.24-0-0-52,15,15
70-2.5-3-0.3-0-0-50,32,34
70-1.3-3-0.42-0-0-12,15,17
70-1.0-3-0.23-0-0-83,13,13
70-1.6-3-0.11-0-0-90,26,27
70-1.0-3-0.05-0-0-42,16,17
70-3.4-3-0.12-0-0-40,39,42
70-1.3-3-0.12-0-0-72,22,23
70-2.2-3-0.24-0-0-41,31,33
70-1.3-3-0.1-0-0-52,21,23
70-1.6-3-0.0-0-0-1,27,28
70-4.3-3-0.41-0-0-220,41,44
70-1.0-3-0.13-0-0-43,16,17
70-2.2-3-0.31-0-0-22,28,30
70-1.0-3-0.14-0-0-13,16,18
70-4.0-3-0.22-0-0-101,43,45
70-4.3-3-0.49-0-0-59,38,40
70-1.0-3-0.22-0-0-1,14,14
70-4.0-3-0.22-0-0-80,43,45
70-1.3-3-0.25-0-0-30,18,18
70-1.6-3-0.34-0-0-100,22,23
70-1.3-3-0.13-0-0-71,20,23
70-2.2-3-0.0-0-0-53,32,33
70-1.3-3-0.01-0-0-23,23,25
70-2.5-3-0.31-0-0-51,31,33
70-4.0-3-0.12-0-0-80,45,48
70-1.3-3-0.43-0-0-42,17,18
70-3.4-3-0.42-0-0-20,36,38
70-3.1-3-0.01-0-0-52,43,43
70-1.3-3-0.1-0-0-63,23,24
70-3.1-3-0.11-0-0-62,39,40
70-1.0-3-0.03-0-0-13,18,19
70-1.0-3-0.33-0-0-43,12,13
70-2.2-3-0.04-0-0-40,34,36
70-1.6-3-0.3-0-0-10,20,23
70-2.2-3-0.0-0-0-72,35,37
70-3.1-3-0.3-0-0-31,36,36
70-2.2-3-0.11-0-0-32,33,34
70-4.0-3-0.2-0-0-80,43,45
70-1.6-3-0.4-0-0-30,21,23
70-2.2-3-0.34-0-0-61,29,31
70-1.0-3-0.2-0-0-14,14,15
70-1.6-3-0.43-0-0-60,21,23
70-1.6-3-0.32-0-0-50,23,23
70-1.0-3-0.38-0-0-70,11,12
70-1.3-3-0.1-0-0-82,21,23
70-4.0-3-0.0-0-0-52,45,47
70-2.2-3-0.06-0-0-40,34,37
70-1.0-3-0.26-0-0-71,14,16
70-2.2-3-0.35-0-0-70,26,28
70-2.5-3-0.12-0-0-100,34,36
70-1.3-3-0.45-0-0-60,17,18
70-1.6-3-0.32-0-0-100,23,24
70-3.1-3-0.05-0-0-50,42,43
70-1.6-3-0.22-0-0-31,24,26
70-1.0-3-0.24-0-0-12,15,15
70-1.0-3-0.02-0-0-83,17,17
70-1.3-3-0.5-0-0-20,15,16
70-1.3-3-0.32-0-0-91,18,20
70-2.5-3-0.0-0-0-80,38,39
70-2.2-3-0.32-0-0-31,28,30
70-1.0-3-0.03-0-0-53,17,18
70-1.0-3-0.23-0-0-3,16,17
70-1.0-3-0.17-0-0-71,14,14
70-1.0-3-0.42-0-0-34,13,14
70-1.3-3-0.5-0-0-51,13,15
70-1.0-3-0.38-0-0-10,10,11
70-4.0-3-0.22-0-0-111,42,43
70-1.0-3-0.47-0-0-80,13,13
70-1.0-3-0.03-0-0-23,16,17
70-1.0-3-0.06-0-0-12,16,17
70-1.0-3-0.26-0-0-31,15,16
70-1.0-3-0.17-0-0-70,16,16
70-1.6-3-0.21-0-0-80,23,24
70-1.6-3-0.43-0-0-10,19,21
70-1.0-3-0.28-0-0-10,14,16
70-1.0-3-0.27-0-0-31,13,13
70-1.6-3-0.12-0-0-60,26,27
70-3.4-3-0.22-0-0-50,40,42
70-2.5-3-0.02-0-0-100,37,40
70-4.0-3-0.4-0-0-150,39,40
70-3.4-3-0.42-0-0-10,37,38
70-1.6-3-0.4-0-0-21,19,22
70-1.0-3-0.43-0-0-73,13,13
70-2.5-3-0.1-0-0-60,37,38
70-2.5-3-0.41-0-0-60,29,31
70-3.1-3-0.01-0-0-62,41,44
70-3.4-3-0.32-0-0-50,39,41
70-4.0-3-0.0-0-0-102,45,48
70-1.0-3-0.34-0-0-3,12,12
70-3.1-3-0.34-0-0-76,35,36
70-3.1-3-0.0-0-0-82,41,44
70-1.6-3-0.2-0-0-40,21,24
70-1.3-3-0.12-0-0-62,21,22
70-2.2-3-0.23-0-0-81,32,34
70-1.0-3-0.22-0-0-92,13,14
70-4.0-3-0.11-0-0-81,44,47
70-3.1-3-0.12-0-0-31,39,41
70-3.4-3-0.01-0-0-40,42,44
70-1.3-3-0.15-0-0-1,23,24
70-2.2-3-0.22-0-0-32,29,30
70-1.3-3-0.12-0-0-12,21,25
70-1.3-3-0.32-0-0-62,18,20
70-2.2-3-0.21-0-0-32,31,32
70-4.0-3-0.02-0-0-80,46,47
70-3.1-3-0.3-0-0-70,37,39
70-1.0-3-0.2-0-0-92,14,15
70-1.0-3-0.21-0-0-64,14,15
70-1.0-3-0.47-0-0-70,11,12
70-2.2-3-0.43-0-0-1,27,29
70-3.1-3-0.35-0-0-100,35,37
70-3.1-3-0.01-0-0-22,40,42
70-3.1-3-0.4-0-0-50,34,35
70-1.3-3-0.05-0-0-20,22,23
70-1.6-3-0.32-0-0-11,22,23
70-4.0-3-0.12-0-0-1,45,48
70-1.3-3-0.46-0-0-30,16,18
70-1.0-3-0.44-0-0-32,9,10
70-1.3-3-0.1-0-0-3,21,22
70-4.0-3-0.1-0-0-61,44,47
70-1.0-3-0.05-0-0-32,17,18
70-1.0-3-0.25-0-0-62,14,14
70-1.0-3-0.48-0-0-60,10,10
70-1.6-3-0.4-0-0-10,22,23
70-1.0-3-0.46-0-0-51,9,10
70-2.2-3-0.32-0-0-90,28,29
70-3.4-3-0.31-0-0-50,38,39
70-1.3-3-0.43-0-0-90,15,15
70-2.5-3-0.47-0-0-63,26,28
70-2.2-3-0.11-0-0-62,31,32
70-1.6-3-0.17-0-0-8,25,28
70-1.6-3-0.2-0-0-1,24,25
70-1.3-3-0.02-0-0-32,23,26
70-1.3-3-0.24-0-0-80,21,22
70-1.0-3-0.13-0-0-33,16,17
70-1.6-3-0.42-0-0-31,18,21
70-1.3-3-0.36-0-0-30,16,16
70-1.6-3-0.12-0-0-100,24,25
70-2.2-3-0.13-0-0-90,32,35
70-1.3-3-0.3-0-0-12,18,18
70-1.0-3-0.26-0-0-90,13,13
70-3.1-3-0.02-0-0-1,41,45
70-1.0-3-0.17-0-0-17,15,16
70-3.1-3-0.45-0-0-100,31,32
70-1.6-3-0.0-0-0-51,26,26
70-1.0-3-0.48-0-0-100,11,12
70-2.2-3-0.01-0-0-82,34,36
70-2.2-3-0.4-0-0-60,27,28
70-3.1-3-0.04-0-0-30,38,39
70-2.5-3-0.06-0-0-49,34,37
70-1.3-3-0.02-0-0-91,24,25
70-3.4-3-0.31-0-0-30,37,38
70-1.6-3-0.12-0-0-10,25,26
70-1.3-3-0.35-0-0-100,19,20
70-4.0-3-0.12-0-0-101,43,45
70-1.3-3-0.42-0-0-91,15,17
70-1.0-3-0.07-0-0-71,15,15
70-1.3-3-0.41-0-0-72,18,18
70-1.0-3-0.2-0-0-34,15,16
70-1.3-3-0.13-0-0-41,21,23
70-3.4-3-0.1-0-0-100,42,43
70-1.0-3-0.42-0-0-73,12,13
70-1.3-3-0.5-0-0-70,14,15
70-2.2-3-0.0-0-0-52,32,33
70-3.1-3-0.12-0-0-61,40,42
70-2.2-3-0.44-0-0-41,25,27
70-1.6-3-0.34-0-0-20,22,23
70-4.0-3-0.0-0-0-81,46,48
70-1.0-3-0.24-0-0-72,13,14
70-1.3-3-0.04-0-0-21,22,22
70-2.2-3-0.23-0-0-21,29,32
70-1.3-3-0.14-0-0-11,20,20
70-4.0-3-0.1-0-0-90,44,46
70-4.0-3-0.2-0-0-70,43,45
70-2.5-3-0.1-0-0-10,37,40
70-1.3-3-0.45-0-0-21,15,16
70-3.4-3-0.11-0-0-10,41,43
70-3.4-3-0.33-0-0-68,36,39
70-2.5-3-0.22-0-0-50,33,34
70-4.0-3-0.22-0-0-21,42,44
70-4.0-3-0.22-0-0-31,43,46
70-1.3-3-0.13-0-0-52,22,24
70-3.1-3-0.2-0-0-81,36,38
70-1.0-3-0.25-0-0-42,15,16
70-3.4-3-0.11-0-0-100,41,42
70-2.2-3-0.44-0-0-30,26,27
70-1.3-3-0.42-0-0-62,17,19
70-1.0-3-0.11-0-0-74,18,19
70-3.1-3-0.31-0-0-62,36,37
70-3.4-3-0.2-0-0-60,40,41
70-2.5-3-0.41-0-0-51,28,30
70-2.5-3-0.01-0-0-11,36,39
70-1.0-3-0.02-0-0-70,18,18
70-1.3-3-0.01-0-0-30,23,25
70-1.6-3-0.23-0-0-60,22,23
70-4.3-3-0.41-0-0-320,41,43
70-2.2-3-0.35-0-0-100,30,31
70-1.0-3-0.15-0-0-12,13,13
70-1.0-3-0.12-0-0-21,15,17
70-2.5-3-0.41-0-0-21,30,32
70-1.0-3-0.21-0-0-44,14,15
70-2.5-3-0.41-0-0-30,32,33
70-1.6-3-0.23-0-0-30,23,24
70-1.0-3-0.24-0-0-32,15,15
70-4.3-3-0.11-0-0-200,45,46
70-4.0-3-0.0-0-0-42,45,46
70-4.0-3-0.0-0-0-90,45,46
70-2.5-3-0.21-0-0-1,35,37
70-1.3-3-0.33-0-0-61,16,18
70-4.0-3-0.12-0-0-41,43,45
70-1.6-3-0.12-0-0-21,25,27
70-4.0-3-0.23-0-0-20,43,44
70-4.0-3-0.12-0-0-111,44,46
70-2.5-3-0.41-0-0-11,29,30
70-1.6-3-0.32-0-0-22,20,20
70-1.3-3-0.13-0-0-31,22,23
70-1.0-3-0.0-0-0-64,17,19
70-1.3-3-0.24-0-0-90,20,21
70-1.0-3-0.2-0-0-63,16,16
70-1.0-3-0.18-0-0-70,14,15
70-1.3-3-0.34-0-0-21,20,22
70-4.0-3-0.21-0-0-61,43,46
70-4.3-3-0.31-0-0-250,44,45
70-2.2-3-0.43-0-0-71,24,25
70-2.2-3-0.24-0-0-60,31,32
70-1.0-3-0.47-0-0-61,11,11
70-1.6-3-0.02-0-0-10,27,28
70-1.0-3-0.27-0-0-21,13,13
70-1.0-3-0.37-0-0-1,11,12
70-1.0-3-0.26-0-0-61,14,14
70-1.0-3-0.15-0-0-42,15,16
70-1.6-3-0.32-0-0-60,21,22
70-2.2-3-0.36-0-0-30,27,29
70-1.3-3-0.26-0-0-40,18,18
70-1.6-3-0.33-0-0-60,21,22
70-1.0-3-0.15-0-0-2,14,14
70-2.2-3-0.4-0-0-30,29,31
70-3.1-3-0.33-0-0-40,37,37
70-2.2-3-0.25-0-0-40,30,33
70-2.2-3-0.06-0-0-20,35,39
70-1.3-3-0.41-0-0-32,15,15
70-1.3-3-0.42-0-0-2,16,17
70-4.3-3-0.0-0-0-170,47,50
70-1.0-3-0.01-0-0-1,19,21
70-2.2-3-0.24-0-0-1,32,33
70-3.4-3-0.11-0-0-50,42,44
70-1.0-3-0.42-0-0-23,11,11
70-1.3-3-0.14-0-0-41,20,21
70-3.1-3-0.44-0-0-20,34,36
70-1.6-3-0.01-0-0-51,27,29
70-1.6-3-0.31-0-0-51,23,24
70-1.3-3-0.06-0-0-10,23,24
70-1.3-3-0.42-0-0-52,19,21
70-2.2-3-0.45-0-0-50,26,28
70-1.3-3-0.45-0-0-50,16,17
70-2.2-3-0.41-0-0-52,28,31
70-2.5-3-0.21-0-0-51,34,37
70-1.0-3-0.02-0-0-53,16,16
70-2.2-3-0.45-0-0-70,25,26
70-4.0-3-0.4-0-0-50,38,41
70-3.4-3-0.0-0-0-70,44,46
70-3.4-3-0.13-0-0-55,41,42
70-2.5-3-0.31-0-0-20,30,31
70-4.0-3-0.32-0-0-60,39,40
70-4.0-3-0.1-0-0-31,45,47
70-1.3-3-0.44-0-0-90,16,16
70-3.1-3-0.01-0-0-90,42,43
70-2.2-3-0.45-0-0-100,26,27
70-3.1-3-0.44-0-0-70,33,36
70-4.3-3-0.1-0-0-100,46,47
70-1.6-3-0.04-0-0-20,26,26
70-4.0-3-0.32-0-0-120,44,47
70-1.0-3-0.26-0-0-11,14,14
70-2.2-3-0.33-0-0-11,28,29
70-1.6-3-0.01-0-0-71,27,29
70-1.0-3-0.11-0-0-54,15,15
70-1.0-3-0.5-0-0-81,10,11
70-2.2-3-0.05-0-0-30,33,35
70-1.0-3-0.42-0-0-31,11,11
70-2.5-3-0.11-0-0-80,32,34
70-2.2-3-0.04-0-0-70,33,34
70-4.0-3-0.32-0-0-110,43,44
70-2.2-3-0.3-0-0-31,27,29
70-4.0-3-0.3-0-0-120,42,43
70-2.5-3-0.0-0-0-11,37,39
70-1.3-3-0.01-0-0-3,22,25
70-2.2-3-0.2-0-0-90,32,34
70-1.3-3-0.03-0-0-2,23,24
70-4.0-3-0.1-0-0-101,44,46
70-1.0-3-0.21-0-0-93,15,16
70-1.3-3-0.34-0-0-90,18,18
70-1.0-3-0.16-0-0-42,16,16
70-3.1-3-0.14-0-0-70,40,40
70-4.0-3-0.13-0-0-50,45,47
70-4.0-3-0.11-0-0-90,44,46
70-3.1-3-0.32-0-0-1,35,38
70-4.0-3-0.2-0-0-111,44,44
70-4.3-3-0.11-0-0-220,46,48
70-1.0-3-0.46-0-0-2,10,10
70-1.0-3-0.44-0-0-33,12,13
70-2.2-3-0.12-0-0-71,31,33
70-4.0-3-0.02-0-0-11,45,47
70-4.0-3-0.03-0-0-10,44,45
